Ligand,stage1,stage2,stage3
1UN_A201.pdbqt,-7.80,,
238_A400.pdbqt,-9.10,-9.09,
2PE_A302.pdbqt,-3.96,,
735_A469.pdbqt,-8.45,,
AQ4_A999.pdbqt,-6.55,,
ATP_A1232.pdbqt,-7.35,,
ATP_A402.pdbqt,-6.69 (invalid),,
ATP_A510.pdbqt,-7.03,,
ATP_B2510.pdbqt,-6.93,,
ATP_C3510.pdbqt,-7.34 (invalid),,
ATP_D4510.pdbqt,-7.84 (invalid),,
BOG_A703.pdbqt,-5.63,,
BOG_D703.pdbqt,-5.73 (invalid),,
CEL_A682.pdbqt,-7.45,,
CEL_B682.pdbqt,-7.66,,
CEL_C682.pdbqt,-7.50,,
CEL_D682.pdbqt,-7.52,,
CIT_A9202.pdbqt,-5.21 (invalid),,
CIT_B9201.pdbqt,-5.06 (invalid),,
CIT_B9204.pdbqt,-5.18 (invalid),,
CIT_B9206.pdbqt,-5.31 (invalid),,
DDQ_A630.pdbqt,-4.63,,
EAL_A3002.pdbqt,-7.13,,
FMN_A398.pdbqt,-8.04 (invalid),,
GG2_A298.pdbqt,-9.15,-9.14,
GOL_A401.pdbqt,-3.99 (invalid),,
GOL_A405.pdbqt,-4.00 (invalid),,
GOL_A406.pdbqt,-4.00,,
GOL_A9101.pdbqt,-3.98 (invalid),,
GOL_B9102.pdbqt,-4.00,,
HUP_A1540.pdbqt,-7.12,,
MES_A211.pdbqt,-4.75,,
MES_B211.pdbqt,-4.64,,
NAG_A1536.pdbqt,-5.97,,
NAG_A1539.pdbqt,-5.89,,
NAG_A467.pdbqt,-5.96,,
NAG_A661.pdbqt,-5.97 (invalid),,
NAG_A681.pdbqt,-5.07,,
NAG_B1.pdbqt,-5.54 (invalid),,
NAG_B2.pdbqt,-5.84,,
NAG_B661.pdbqt,-5.26,,
NAG_B681.pdbqt,-5.87,,
NAG_C661.pdbqt,-5.27,,
NAG_C681.pdbqt,-5.59,,
NAG_D661.pdbqt,-5.73,,
NAG_D681.pdbqt,-5.93,,
NAG_E1.pdbqt,-5.88 (invalid),,
NAG_E2.pdbqt,-5.62,,
NAG_E3.pdbqt,-5.87,,
NAG_F1.pdbqt,-5.86,,
NAG_F2.pdbqt,-5.93,,
NAG_F3.pdbqt,-5.58,,
NAG_G1.pdbqt,-5.91,,
NAG_G2.pdbqt,-5.82,,
NAG_G3.pdbqt,-5.86,,
NAG_H1.pdbqt,-5.54,,
NAG_H2.pdbqt,-6.01,,
NAG_H3.pdbqt,-5.89 (invalid),,
ORO_A399.pdbqt,-5.30,,
PEG_A407.pdbqt,-4.01,,
RA2_A468.pdbqt,-6.56,,
XK2_A263.pdbqt,-8.52,,
fda_0001.pdbqt,-7.06,,
fda_0002.pdbqt,-7.44,,
fda_0003.pdbqt,-6.94,,
fda_0004.pdbqt,-8.31,,
fda_0005.pdbqt,-8.00,,
fda_0006.pdbqt,-5.81,,
fda_0007.pdbqt,-5.76,,
fda_0008.pdbqt,-7.33,,
fda_0009.pdbqt,-7.70 (invalid),,
fda_0010.pdbqt,-7.79,,
fda_0011.pdbqt,-6.72,,
fda_0012.pdbqt,-4.32,,
fda_0013.pdbqt,-6.32 (invalid),,
fda_0014.pdbqt,-5.64,,
fda_0015.pdbqt,-7.07,,
fda_0016.pdbqt,-7.61,,
fda_0017.pdbqt,-7.51,,
fda_0018.pdbqt,-7.32,,
fda_0019.pdbqt,-7.66,,
fda_0020.pdbqt,-7.11,,
fda_0021.pdbqt,-4.92,,
fda_0022.pdbqt,-7.18 (invalid),,
fda_0023.pdbqt,-7.00,,
fda_0024.pdbqt,-6.10,,
fda_0025.pdbqt,-7.93,,
fda_0026.pdbqt,-8.15,,
fda_0027.pdbqt,-7.14,,
fda_0028.pdbqt,-4.39,,
fda_0029.pdbqt,-5.77,,
fda_0030.pdbqt,-6.84,,
fda_0031.pdbqt,-5.82,,
fda_0032.pdbqt,-6.78,,
fda_0033.pdbqt,-5.83,,
fda_0034.pdbqt,-4.74,,
fda_0035.pdbqt,-7.33,,
fda_0036.pdbqt,-7.26,,
fda_0037.pdbqt,-6.14,,
fda_0038.pdbqt,-4.74,,
fda_0039.pdbqt,-6.99 (invalid),,
fda_0040.pdbqt,-4.63 (invalid),,
fda_0041.pdbqt,-6.73,,
fda_0042.pdbqt,-7.47,,
fda_0043.pdbqt,-6.28,,
fda_0044.pdbqt,-8.09,,
fda_0045.pdbqt,-6.21,,
fda_0046.pdbqt,-7.50,,
fda_0047.pdbqt,-7.26,,
fda_0048.pdbqt,-7.46,,
fda_0049.pdbqt,-7.07,,
fda_0050.pdbqt,-7.81,,
fda_0051.pdbqt,-6.07,,
fda_0052.pdbqt,-6.52,,
fda_0053.pdbqt,-7.35,,
fda_0054.pdbqt,-6.79,,
fda_0055.pdbqt,-6.25,,
fda_0056.pdbqt,-4.20,,
fda_0057.pdbqt,-6.79,,
fda_0058.pdbqt,-7.18,,
fda_0059.pdbqt,-5.59,,
fda_0060.pdbqt,-7.11,,
fda_0061.pdbqt,-4.43 (invalid),,
fda_0062.pdbqt,-7.21,,
fda_0063.pdbqt,-6.71,,
fda_0064.pdbqt,-6.30,,
fda_0065.pdbqt,-6.51,,
fda_0066.pdbqt,-7.26,,
fda_0067.pdbqt,-7.50,,
fda_0068.pdbqt,-7.84,,
fda_0069.pdbqt,-7.14,,
fda_0070.pdbqt,-6.95,,
fda_0071.pdbqt,-6.48,,
fda_0072.pdbqt,-5.84,,
fda_0073.pdbqt,-6.93,,
fda_0074.pdbqt,-7.04,,
fda_0075.pdbqt,-5.93,,
fda_0076.pdbqt,-6.53,,
fda_0077.pdbqt,-5.17,,
fda_0078.pdbqt,-8.30,,
fda_0079.pdbqt,-8.89,-8.30,
fda_0080.pdbqt,-6.24,,
fda_0081.pdbqt,-7.45,,
fda_0082.pdbqt,-6.05,,
fda_0083.pdbqt,-6.91,,
fda_0084.pdbqt,-7.68,,
fda_0085.pdbqt,-6.78 (invalid),,
fda_0086.pdbqt,-5.17,,
fda_0087.pdbqt,-6.29,,
fda_0088.pdbqt,-6.19,,
fda_0089.pdbqt,-5.98,,
fda_0090.pdbqt,-7.33,,
fda_0091.pdbqt,-8.33,,
fda_0092.pdbqt,-6.18,,
fda_0093.pdbqt,-5.76,,
fda_0094.pdbqt,-7.17,,
fda_0095.pdbqt,-7.53,,
fda_0096.pdbqt,-7.66,,
fda_0097.pdbqt,-6.23,,
fda_0098.pdbqt,-6.45,,
fda_0099.pdbqt,-7.37,,
fda_0100.pdbqt,-6.83,,
fda_0101.pdbqt,-7.05,,
fda_0102.pdbqt,-4.60,,
fda_0103.pdbqt,-7.13,,
fda_0104.pdbqt,-8.21,,
fda_0105.pdbqt,-6.37,,
fda_0106.pdbqt,-7.84,,
fda_0107.pdbqt,-8.18,,
fda_0108.pdbqt,-6.97,,
fda_0109.pdbqt,-5.22,,
fda_0110.pdbqt,-6.34,,
fda_0111.pdbqt,-7.66,,
fda_0112.pdbqt,-7.28,,
fda_0113.pdbqt,-6.32,,
fda_0114.pdbqt,-7.31,,
fda_0115.pdbqt,-6.68,,
fda_0116.pdbqt,-7.20,,
fda_0117.pdbqt,-7.47,,
fda_0118.pdbqt,-6.47,,
fda_0119.pdbqt,-8.65,-8.33,
fda_0120.pdbqt,-5.99 (invalid),,
fda_0121.pdbqt,-6.46,,
fda_0122.pdbqt,-6.36,,
fda_0123.pdbqt,-8.09,,
fda_0124.pdbqt,-7.48,,
fda_0125.pdbqt,-8.45,,
fda_0126.pdbqt,-8.34,,
fda_0127.pdbqt,-7.96,,
fda_0128.pdbqt,-7.77,,
fda_0129.pdbqt,-7.23,,
fda_0130.pdbqt,-7.78,,
fda_0131.pdbqt,-6.29 (invalid),,
fda_0132.pdbqt,-6.54 (invalid),,
fda_0133.pdbqt,-6.96 (invalid),,
fda_0134.pdbqt,-7.65,,
fda_0135.pdbqt,-7.14,,
fda_0136.pdbqt,-7.86,,
fda_0137.pdbqt,-6.72,,
fda_0138.pdbqt,-7.38,,
fda_0139.pdbqt,-7.62,,
fda_0140.pdbqt,-7.92,,
fda_0141.pdbqt,-7.72,,
fda_0142.pdbqt,-5.15,,
fda_0143.pdbqt,-7.85,,
fda_0144.pdbqt,-7.62,,
fda_0145.pdbqt,-6.75,,
fda_0146.pdbqt,-7.20,,
fda_0147.pdbqt,-5.88,,
fda_0148.pdbqt,-5.41,,
fda_0149.pdbqt,-7.96,,
fda_0150.pdbqt,-7.99,,
fda_0151.pdbqt,-7.51,,
fda_0152.pdbqt,-7.43,,
fda_0153.pdbqt,-6.35,,
fda_0154.pdbqt,-6.25,,
fda_0155.pdbqt,-6.59,,
fda_0156.pdbqt,-6.00,,
fda_0157.pdbqt,-5.97,,
fda_0158.pdbqt,-5.83,,
fda_0159.pdbqt,-8.51,,
fda_0160.pdbqt,-6.26,,
fda_0161.pdbqt,-6.15,,
fda_0162.pdbqt,-7.46,,
fda_0163.pdbqt,-6.73,,
fda_0164.pdbqt,-7.13,,
fda_0165.pdbqt,-6.79,,
fda_0166.pdbqt,-6.84,,
fda_0167.pdbqt,-6.14,,
fda_0168.pdbqt,-5.74,,
fda_0169.pdbqt,-7.42,,
fda_0170.pdbqt,-7.15,,
fda_0171.pdbqt,-7.16,,
fda_0172.pdbqt,-7.42,,
fda_0173.pdbqt,-7.39,,
fda_0174.pdbqt,-7.27,,
fda_0175.pdbqt,-4.82,,
fda_0176.pdbqt,-4.96,,
fda_0177.pdbqt,-5.88,,
fda_0178.pdbqt,-5.88,,
fda_0179.pdbqt,-5.29,,
fda_0180.pdbqt,-5.54,,
fda_0181.pdbqt,-5.96,,
fda_0182.pdbqt,-5.87,,
fda_0183.pdbqt,-5.67 (invalid),,
fda_0184.pdbqt,-6.03 (invalid),,
fda_0185.pdbqt,-6.94,,
fda_0186.pdbqt,-8.65,-8.65,
fda_0187.pdbqt,-5.70,,
fda_0188.pdbqt,-5.62,,
fda_0189.pdbqt,-5.70,,
fda_0190.pdbqt,-7.13,,
fda_0191.pdbqt,-5.93,,
fda_0192.pdbqt,-5.97,,
fda_0193.pdbqt,-6.17,,
fda_0194.pdbqt,-6.46,,
fda_0195.pdbqt,-5.99 (invalid),,
fda_0196.pdbqt,-8.40,,
fda_0197.pdbqt,-7.68,,
fda_0198.pdbqt,-7.65,,
fda_0199.pdbqt,-7.92,,
fda_0200.pdbqt,-6.79,,
fda_0201.pdbqt,-7.10,,
fda_0202.pdbqt,-6.95,,
fda_0203.pdbqt,-7.18,,
fda_0204.pdbqt,-7.04,,
fda_0205.pdbqt,-6.24 (invalid),,
fda_0206.pdbqt,-6.40 (invalid),,
fda_0207.pdbqt,-6.90,,
fda_0208.pdbqt,-6.38,,
fda_0209.pdbqt,-6.89,,
fda_0210.pdbqt,-7.08,,
fda_0211.pdbqt,-7.58,,
fda_0212.pdbqt,-7.24,,
fda_0213.pdbqt,-7.52,,
fda_0214.pdbqt,-7.48,,
fda_0215.pdbqt,-7.55,,
fda_0216.pdbqt,-7.56,,
fda_0217.pdbqt,-6.98,,
fda_0218.pdbqt,-6.56,,
fda_0219.pdbqt,-7.33,,
fda_0220.pdbqt,-7.70,,
fda_0221.pdbqt,-7.97,,
fda_0222.pdbqt,-8.22,,
fda_0223.pdbqt,-8.15,,
fda_0224.pdbqt,-8.16,,
fda_0225.pdbqt,-7.98 (invalid),,
fda_0226.pdbqt,-8.21,,
fda_0227.pdbqt,-7.82,,
fda_0228.pdbqt,-8.23,,
fda_0229.pdbqt,-8.38,,
fda_0230.pdbqt,-7.89,,
fda_0231.pdbqt,-8.37,,
fda_0232.pdbqt,-7.91,,
fda_0233.pdbqt,-8.08,,
fda_0234.pdbqt,-7.78,,
fda_0235.pdbqt,-7.31,,
fda_0236.pdbqt,-7.86,,
fda_0237.pdbqt,-7.30,,
fda_0238.pdbqt,-6.96,,
fda_0239.pdbqt,-7.23,,
fda_0240.pdbqt,-6.93,,
fda_0241.pdbqt,-6.33,,
fda_0242.pdbqt,-7.42,,
fda_0243.pdbqt,-7.08,,
fda_0244.pdbqt,-7.35,,
fda_0245.pdbqt,-8.05,,
fda_0246.pdbqt,-7.04,,
fda_0247.pdbqt,-7.10,,
fda_0248.pdbqt,-7.83,,
fda_0249.pdbqt,-7.60,,
fda_0250.pdbqt,-6.95,,
fda_0251.pdbqt,-6.28,,
fda_0252.pdbqt,-6.39,,
fda_0253.pdbqt,-7.00,,
fda_0254.pdbqt,-6.88,,
fda_0255.pdbqt,-8.02,,
fda_0256.pdbqt,-6.75,,
fda_0257.pdbqt,-5.14,,
fda_0258.pdbqt,-8.06,,
fda_0259.pdbqt,-7.09,,
fda_0260.pdbqt,-5.38,,
fda_0261.pdbqt,-7.09,,
fda_0262.pdbqt,-7.49,,
fda_0263.pdbqt,-7.59,,
fda_0264.pdbqt,-8.13,,
fda_0265.pdbqt,-7.84,,
fda_0266.pdbqt,-7.57,,
fda_0267.pdbqt,-7.26,,
fda_0268.pdbqt,-7.79,,
fda_0269.pdbqt,-7.77,,
fda_0270.pdbqt,-8.08,,
fda_0271.pdbqt,-7.63,,
fda_0272.pdbqt,-7.91,,
fda_0273.pdbqt,-7.47,,
fda_0274.pdbqt,-8.43,,
fda_0275.pdbqt,-7.48,,
fda_0276.pdbqt,-7.84,,
fda_0277.pdbqt,-8.62,-8.58,
fda_0278.pdbqt,-8.62,-8.61,
fda_0279.pdbqt,-8.94,-8.97,
fda_0280.pdbqt,-7.92,,
fda_0281.pdbqt,-8.37,,
fda_0282.pdbqt,-8.41,,
fda_0283.pdbqt,-8.42,,
fda_0284.pdbqt,-9.36,-9.34,
fda_0285.pdbqt,-5.77,,
fda_0286.pdbqt,-5.96,,
fda_0287.pdbqt,-6.48 (invalid),,
fda_0288.pdbqt,-6.82 (invalid),,
fda_0289.pdbqt,-9.01,-9.02 (invalid),
fda_0290.pdbqt,-8.93,-8.94 (invalid),
fda_0291.pdbqt,-9.22,-9.07 (invalid),
fda_0292.pdbqt,-9.16 (invalid),,
fda_0293.pdbqt,-7.44 (invalid),,
fda_0294.pdbqt,-6.90,,
fda_0295.pdbqt,-6.98 (invalid),,
fda_0296.pdbqt,-7.02,,
fda_0297.pdbqt,-6.95,,
fda_0298.pdbqt,-8.42,,
fda_0299.pdbqt,-7.25,,
fda_0300.pdbqt,-8.10 (invalid),,
fda_0301.pdbqt,-7.26,,
fda_0302.pdbqt,-7.21,,
fda_0303.pdbqt,-6.81,,
fda_0304.pdbqt,-7.33,,
fda_0305.pdbqt,-7.95,,
fda_0306.pdbqt,-8.05,,
fda_0307.pdbqt,-8.04,,
fda_0308.pdbqt,-7.61 (invalid),,
fda_0309.pdbqt,-7.72,,
fda_0310.pdbqt,-7.12,,
fda_0311.pdbqt,-7.65,,
fda_0312.pdbqt,-7.70,,
fda_0313.pdbqt,-8.00,,
fda_0314.pdbqt,-5.92,,
fda_0315.pdbqt,-6.79,,
fda_0316.pdbqt,-6.35,,
fda_0317.pdbqt,-6.16,,
fda_0318.pdbqt,-7.97,,
fda_0319.pdbqt,-8.05,,
fda_0320.pdbqt,-8.00,,
fda_0321.pdbqt,-8.73,-8.69,
fda_0322.pdbqt,-8.12,,
fda_0323.pdbqt,-7.67,,
fda_0324.pdbqt,-7.70,,
fda_0325.pdbqt,-7.25,,
fda_0326.pdbqt,-7.62,,
fda_0327.pdbqt,-6.50,,
fda_0328.pdbqt,-7.78,,
fda_0329.pdbqt,-7.06,,
fda_0330.pdbqt,-7.04,,
fda_0331.pdbqt,-7.08,,
fda_0332.pdbqt,-6.24,,
fda_0333.pdbqt,-7.19,,
fda_0334.pdbqt,-7.37,,
fda_0335.pdbqt,-6.99,,
fda_0336.pdbqt,-6.09,,
fda_0337.pdbqt,-6.43,,
fda_0338.pdbqt,-6.51 (invalid),,
fda_0339.pdbqt,-6.32,,
fda_0340.pdbqt,-6.42,,
fda_0341.pdbqt,-6.45,,
fda_0342.pdbqt,-6.28,,
fda_0343.pdbqt,-6.41,,
fda_0344.pdbqt,-6.22,,
fda_0345.pdbqt,-6.60,,
fda_0346.pdbqt,-6.55,,
fda_0347.pdbqt,-7.11,,
fda_0348.pdbqt,-6.50,,
fda_0349.pdbqt,-6.47,,
fda_0350.pdbqt,-6.51 (invalid),,
fda_0351.pdbqt,-6.30,,
fda_0352.pdbqt,-7.69,,
fda_0353.pdbqt,-6.92,,
fda_0354.pdbqt,-6.62,,
fda_0355.pdbqt,-7.61,,
fda_0356.pdbqt,-7.13,,
fda_0357.pdbqt,-7.43,,
fda_0358.pdbqt,-6.99,,
fda_0359.pdbqt,-6.80,,
fda_0360.pdbqt,-6.38,,
fda_0361.pdbqt,-6.68,,
fda_0362.pdbqt,-6.88,,
fda_0363.pdbqt,-6.26,,
fda_0364.pdbqt,-6.31,,
fda_0365.pdbqt,-6.54,,
fda_0366.pdbqt,-6.45 (invalid),,
fda_0367.pdbqt,-6.58 (invalid),,
fda_0368.pdbqt,-6.86,,
fda_0369.pdbqt,-6.83 (invalid),,
fda_0370.pdbqt,-6.83,,
fda_0371.pdbqt,-6.72,,
fda_0372.pdbqt,-6.96,,
fda_0373.pdbqt,-6.88,,
fda_0374.pdbqt,-5.95,,
fda_0375.pdbqt,-6.00,,
fda_0376.pdbqt,-6.01,,
fda_0377.pdbqt,-6.02,,
fda_0378.pdbqt,-6.76,,
fda_0379.pdbqt,-6.94,,
fda_0380.pdbqt,-7.06,,
fda_0381.pdbqt,-6.85,,
fda_0382.pdbqt,-6.42,,
fda_0383.pdbqt,-6.70,,
fda_0384.pdbqt,-6.91,,
fda_0385.pdbqt,-6.20,,
fda_0386.pdbqt,-6.19,,
fda_0387.pdbqt,-6.31,,
fda_0388.pdbqt,-6.13,,
fda_0389.pdbqt,-6.51,,
fda_0390.pdbqt,-6.55,,
fda_0391.pdbqt,-6.33,,
fda_0392.pdbqt,-6.25,,
fda_0393.pdbqt,-6.91,,
fda_0394.pdbqt,-6.56,,
fda_0395.pdbqt,-6.95,,
fda_0396.pdbqt,-6.73 (invalid),,
fda_0397.pdbqt,-6.57,,
fda_0398.pdbqt,-5.50,,
fda_0399.pdbqt,-5.79,,
fda_0400.pdbqt,-5.30,,
fda_0401.pdbqt,-5.18,,
fda_0402.pdbqt,-6.21,,
fda_0403.pdbqt,-6.08,,
fda_0404.pdbqt,-6.20,,
fda_0405.pdbqt,-6.23,,
fda_0406.pdbqt,-6.73,,
fda_0407.pdbqt,-4.73,,
fda_0408.pdbqt,-4.63 (invalid),,
fda_0409.pdbqt,-4.48,,
fda_0410.pdbqt,-7.92,,
fda_0411.pdbqt,-7.63,,
fda_0412.pdbqt,-8.21,,
fda_0413.pdbqt,-7.81,,
fda_0414.pdbqt,-7.48,,
fda_0415.pdbqt,-7.85,,
fda_0416.pdbqt,-7.73,,
fda_0417.pdbqt,-7.43,,
fda_0418.pdbqt,-6.28,,
fda_0419.pdbqt,-6.12,,
fda_0420.pdbqt,-6.16 (invalid),,
fda_0421.pdbqt,-6.49,,
fda_0422.pdbqt,-6.12 (invalid),,
fda_0423.pdbqt,-6.80,,
fda_0424.pdbqt,-8.01,,
fda_0425.pdbqt,-8.42,,
fda_0426.pdbqt,-8.47,,
fda_0427.pdbqt,-7.72,,
fda_0428.pdbqt,-7.79,,
fda_0429.pdbqt,-7.88,,
fda_0430.pdbqt,-7.75,,
fda_0431.pdbqt,-7.90,,
fda_0432.pdbqt,-7.21,,
fda_0433.pdbqt,-7.02,,
fda_0434.pdbqt,-7.70,,
fda_0435.pdbqt,-6.06 (invalid),,
fda_0436.pdbqt,-7.16,,
fda_0437.pdbqt,-6.82 (invalid),,
fda_0438.pdbqt,-7.22,,
fda_0439.pdbqt,-7.04 (invalid),,
fda_0440.pdbqt,-4.73,,
fda_0441.pdbqt,-4.85,,
fda_0442.pdbqt,-7.00,,
fda_0443.pdbqt,-7.01,,
fda_0444.pdbqt,-7.30,,
fda_0445.pdbqt,-7.34,,
fda_0446.pdbqt,-6.35,,
fda_0447.pdbqt,-6.59,,
fda_0448.pdbqt,-7.18 (invalid),,
fda_0449.pdbqt,-6.06,,
fda_0450.pdbqt,-6.42,,
fda_0451.pdbqt,-7.73,,
fda_0452.pdbqt,-7.63,,
fda_0453.pdbqt,-7.65,,
fda_0454.pdbqt,-7.62,,
fda_0455.pdbqt,-6.94,,
fda_0456.pdbqt,-7.28,,
fda_0457.pdbqt,-7.66,,
fda_0458.pdbqt,-7.46,,
fda_0459.pdbqt,-8.67,-8.66,
fda_0460.pdbqt,-7.76,,
fda_0461.pdbqt,-6.91,,
fda_0462.pdbqt,-7.69,,
fda_0463.pdbqt,-8.27,,
fda_0464.pdbqt,-8.59,-8.59,
fda_0465.pdbqt,-7.23,,
fda_0466.pdbqt,-7.52,,
fda_0467.pdbqt,-7.65,,
fda_0468.pdbqt,-7.47,,
fda_0469.pdbqt,-7.54,,
fda_0470.pdbqt,-5.69 (invalid),,
fda_0471.pdbqt,-6.91,,
fda_0472.pdbqt,-6.90,,
fda_0473.pdbqt,-6.09,,
fda_0474.pdbqt,-6.97,,
fda_0475.pdbqt,-7.34 (invalid),,
fda_0476.pdbqt,-7.19,,
fda_0477.pdbqt,-7.10,,
fda_0478.pdbqt,-7.06,,
fda_0479.pdbqt,-5.84,,
fda_0480.pdbqt,-4.34,,
fda_0481.pdbqt,-4.39,,
fda_0482.pdbqt,-8.30,,
fda_0483.pdbqt,-7.98,,
fda_0484.pdbqt,-8.64,-8.63,
fda_0485.pdbqt,-8.34,,
fda_0486.pdbqt,-8.12,,
fda_0487.pdbqt,-8.42,,
fda_0488.pdbqt,-8.00,,
fda_0489.pdbqt,-6.10,,
fda_0490.pdbqt,-6.15,,
fda_0491.pdbqt,-5.90 (invalid),,
fda_0492.pdbqt,-5.88,,
fda_0493.pdbqt,-8.28,,
fda_0494.pdbqt,-7.82,,
fda_0495.pdbqt,-8.03,,
fda_0496.pdbqt,-8.41,,
fda_0497.pdbqt,-8.17,,
fda_0498.pdbqt,-8.97 (invalid),,
fda_0499.pdbqt,-8.74 (invalid),,
fda_0500.pdbqt,-9.06 (invalid),,
fda_0501.pdbqt,-8.82,-8.96 (invalid),
fda_0502.pdbqt,-7.75,,
fda_0503.pdbqt,-7.75,,
fda_0504.pdbqt,-8.90,-8.94,
fda_0505.pdbqt,-8.19,,
fda_0506.pdbqt,-7.46,,
fda_0507.pdbqt,-7.43,,
fda_0508.pdbqt,-7.35,,
fda_0509.pdbqt,-7.55,,
fda_0510.pdbqt,-7.32,,
fda_0511.pdbqt,-7.92,,
fda_0512.pdbqt,-8.15,,
fda_0513.pdbqt,-7.96,,
fda_0514.pdbqt,-9.85,-9.68,
fda_0515.pdbqt,-9.84,-9.79,
fda_0516.pdbqt,-9.47,-9.49,
fda_0517.pdbqt,-8.77,-8.74,
fda_0518.pdbqt,-8.15,,
fda_0519.pdbqt,-8.33,,
fda_0520.pdbqt,-8.10 (invalid),,
fda_0521.pdbqt,-7.63,,
fda_0522.pdbqt,-7.01,,
fda_0523.pdbqt,-7.63,,
fda_0524.pdbqt,-7.43,,
fda_0525.pdbqt,-7.82,,
fda_0526.pdbqt,-8.13,,
fda_0527.pdbqt,-8.07,,
fda_0528.pdbqt,-7.39,,
fda_0529.pdbqt,-7.99,,
fda_0530.pdbqt,-8.21,,
fda_0531.pdbqt,-7.37,,
fda_0532.pdbqt,-7.20,,
fda_0533.pdbqt,-7.30,,
fda_0534.pdbqt,-7.83,,
fda_0535.pdbqt,-7.80,,
fda_0536.pdbqt,-7.53,,
fda_0537.pdbqt,-7.68,,
fda_0538.pdbqt,-8.99,-8.85,
fda_0539.pdbqt,-9.15 (invalid),,
fda_0540.pdbqt,-8.70,-8.69,
fda_0541.pdbqt,-9.14,-9.21,
fda_0542.pdbqt,-7.24,,
fda_0543.pdbqt,-5.04,,
fda_0544.pdbqt,-4.90,,
fda_0545.pdbqt,-5.28 (invalid),,
fda_0546.pdbqt,-4.73 (invalid),,
fda_0547.pdbqt,-7.38,,
fda_0548.pdbqt,-7.28,,
fda_0549.pdbqt,-6.91,,
fda_0550.pdbqt,-5.57,,
fda_0551.pdbqt,-4.37,,
fda_0552.pdbqt,-4.61,,
fda_0553.pdbqt,-4.42 (invalid),,
fda_0554.pdbqt,-7.02,,
fda_0555.pdbqt,-6.81,,
fda_0556.pdbqt,-7.55,,
fda_0557.pdbqt,-6.76,,
fda_0558.pdbqt,-7.94,,
fda_0559.pdbqt,-7.77,,
fda_0560.pdbqt,-7.95,,
fda_0561.pdbqt,-7.84,,
fda_0562.pdbqt,-6.79,,
fda_0563.pdbqt,-6.58,,
fda_0564.pdbqt,-7.10,,
fda_0565.pdbqt,-5.44,,
fda_0566.pdbqt,-6.07,,
fda_0567.pdbqt,-6.13,,
fda_0568.pdbqt,-6.58 (invalid),,
fda_0569.pdbqt,-6.28,,
fda_0570.pdbqt,-5.99 (invalid),,
fda_0571.pdbqt,-6.62,,
fda_0572.pdbqt,-8.39,,
fda_0573.pdbqt,-6.44,,
fda_0574.pdbqt,-7.64,,
fda_0575.pdbqt,-7.99,,
fda_0576.pdbqt,-7.62,,
fda_0577.pdbqt,-7.32,,
fda_0578.pdbqt,-9.03,-9.04 (invalid),
fda_0579.pdbqt,-8.90,-8.90 (invalid),
fda_0580.pdbqt,-9.12 (invalid),,
fda_0581.pdbqt,-8.88 (invalid),,
fda_0582.pdbqt,-7.74,,
fda_0583.pdbqt,-7.54,,
fda_0584.pdbqt,-8.27,,
fda_0585.pdbqt,-8.38,,
fda_0586.pdbqt,-8.07,,
fda_0587.pdbqt,-8.55,,
fda_0588.pdbqt,-7.27,,
fda_0589.pdbqt,-7.75,,
fda_0590.pdbqt,-8.22,,
fda_0591.pdbqt,-8.32,,
fda_0592.pdbqt,-7.77,,
fda_0593.pdbqt,-7.88,,
fda_0594.pdbqt,-5.58,,
fda_0595.pdbqt,-5.44,,
fda_0596.pdbqt,-8.21,,
fda_0597.pdbqt,-8.26,,
fda_0598.pdbqt,-6.55,,
fda_0599.pdbqt,-6.42,,
fda_0600.pdbqt,-6.66,,
fda_0601.pdbqt,-7.42,,
fda_0602.pdbqt,-7.42,,
fda_0603.pdbqt,-6.93,,
fda_0604.pdbqt,-6.92,,
fda_0605.pdbqt,-6.89,,
fda_0606.pdbqt,-7.59,,
fda_0607.pdbqt,-7.72,,
fda_0608.pdbqt,-8.51,,
fda_0609.pdbqt,-7.74,,
fda_0610.pdbqt,-8.86,-8.83,
fda_0611.pdbqt,-8.84,-8.80,
fda_0612.pdbqt,-9.08,-9.12,
fda_0613.pdbqt,-8.98,-8.92,
fda_0614.pdbqt,-8.03,,
fda_0615.pdbqt,-8.90,-8.85,
fda_0616.pdbqt,-9.16,-8.60,
fda_0617.pdbqt,-8.90,-8.91,
fda_0618.pdbqt,-7.92,,
fda_0619.pdbqt,-7.37,,
fda_0620.pdbqt,-8.44,,
fda_0621.pdbqt,-8.14,,
fda_0622.pdbqt,-8.35,,
fda_0623.pdbqt,-8.61,-8.65,
fda_0624.pdbqt,-6.65,,
fda_0625.pdbqt,-7.79,,
fda_0626.pdbqt,-8.04,,
fda_0627.pdbqt,-8.34,,
fda_0628.pdbqt,-6.64,,
fda_0629.pdbqt,-7.50,,
fda_0630.pdbqt,-6.60,,
fda_0631.pdbqt,-7.41,,
fda_0632.pdbqt,-8.00,,
fda_0633.pdbqt,-9.28,-9.22,
fda_0634.pdbqt,-8.20,,
fda_0635.pdbqt,-8.02,,
fda_0636.pdbqt,-8.57,-8.61,
fda_0637.pdbqt,-8.00,,
fda_0638.pdbqt,-7.86,,
fda_0639.pdbqt,-6.37,,
fda_0640.pdbqt,-5.86,,
fda_0641.pdbqt,-5.73,,
fda_0642.pdbqt,-7.50,,
fda_0643.pdbqt,-7.49,,
fda_0644.pdbqt,-7.69,,
fda_0645.pdbqt,-7.72,,
fda_0646.pdbqt,-8.58,-8.60,
fda_0647.pdbqt,-7.61,,
fda_0648.pdbqt,-7.05,,
fda_0649.pdbqt,-7.38,,
fda_0650.pdbqt,-7.89,,
fda_0651.pdbqt,-7.40,,
fda_0652.pdbqt,-8.45,,
fda_0653.pdbqt,-7.35,,
fda_0654.pdbqt,-4.19 (invalid),,
fda_0655.pdbqt,-7.62,,
fda_0656.pdbqt,-7.05,,
fda_0657.pdbqt,-5.82,,
fda_0658.pdbqt,-7.24,,
fda_0659.pdbqt,-8.18,,
fda_0660.pdbqt,-8.15,,
fda_0661.pdbqt,-8.18,,
fda_0662.pdbqt,-8.12,,
fda_0663.pdbqt,-7.28,,
fda_0664.pdbqt,-8.04,,
fda_0665.pdbqt,-8.02,,
fda_0666.pdbqt,-7.49,,
fda_0667.pdbqt,-8.05,,
fda_0668.pdbqt,-8.15,,
fda_0669.pdbqt,-5.84,,
fda_0670.pdbqt,-7.46,,
fda_0671.pdbqt,-6.67,,
fda_0672.pdbqt,-8.09,,
fda_0673.pdbqt,-8.25,,
fda_0674.pdbqt,-7.42,,
fda_0675.pdbqt,-8.09,,
fda_0676.pdbqt,-7.66,,
fda_0677.pdbqt,-7.45,,
fda_0678.pdbqt,-7.20,,
fda_0679.pdbqt,-7.37,,
fda_0680.pdbqt,-6.33,,
fda_0681.pdbqt,-5.77,,
fda_0682.pdbqt,-6.14,,
fda_0683.pdbqt,-6.08,,
fda_0684.pdbqt,-8.39,,
fda_0685.pdbqt,-7.20 (invalid),,
fda_0686.pdbqt,-7.13 (invalid),,
fda_0687.pdbqt,-6.72 (invalid),,
fda_0688.pdbqt,-7.65,,
fda_0689.pdbqt,-8.15 (invalid),,
fda_0690.pdbqt,-8.16 (invalid),,
fda_0691.pdbqt,-7.77,,
fda_0692.pdbqt,-7.43,,
fda_0693.pdbqt,-8.05,,
fda_0694.pdbqt,-8.88,-8.87,
fda_0695.pdbqt,-7.35,,
fda_0696.pdbqt,-7.47,,
fda_0697.pdbqt,-6.78,,
fda_0698.pdbqt,-7.31,,
fda_0699.pdbqt,-7.35,,
fda_0700.pdbqt,-6.58,,
fda_0701.pdbqt,-6.59,,
fda_0702.pdbqt,-6.75,,
fda_0703.pdbqt,-6.12,,
fda_0704.pdbqt,-4.66 (invalid),,
fda_0705.pdbqt,-5.09 (invalid),,
fda_0706.pdbqt,-4.32 (invalid),,
fda_0707.pdbqt,-4.52 (invalid),,
fda_0708.pdbqt,-4.70 (invalid),,
fda_0709.pdbqt,-4.82 (invalid),,
fda_0710.pdbqt,-4.53 (invalid),,
fda_0711.pdbqt,-6.69,,
fda_0712.pdbqt,-6.31,,
fda_0713.pdbqt,-9.09,-9.07,
fda_0714.pdbqt,-7.68,,
fda_0715.pdbqt,-7.83,,
fda_0716.pdbqt,-8.09,,
fda_0717.pdbqt,-5.52 (invalid),,
fda_0718.pdbqt,-4.90,,
fda_0719.pdbqt,-4.97 (invalid),,
fda_0720.pdbqt,-4.75 (invalid),,
fda_0721.pdbqt,-4.61,,
fda_0722.pdbqt,-3.99,,
fda_0723.pdbqt,-4.54 (invalid),,
fda_0724.pdbqt,-7.06,,
fda_0725.pdbqt,-6.99,,
fda_0726.pdbqt,-7.00,,
fda_0727.pdbqt,-6.94,,
fda_0728.pdbqt,-6.68,,
fda_0729.pdbqt,-6.44,,
fda_0730.pdbqt,-6.87,,
fda_0731.pdbqt,-6.66,,
fda_0732.pdbqt,-7.92,,
fda_0733.pdbqt,-8.00,,
fda_0734.pdbqt,-6.78,,
fda_0735.pdbqt,-6.83,,
fda_0736.pdbqt,-6.90,,
fda_0737.pdbqt,-5.83,,
fda_0738.pdbqt,-4.91,,
fda_0739.pdbqt,-7.02,,
fda_0740.pdbqt,-7.86,,
fda_0741.pdbqt,-6.54,,
fda_0742.pdbqt,-7.00,,
fda_0743.pdbqt,-7.27,,
fda_0744.pdbqt,-9.14,-9.14 (invalid),
fda_0745.pdbqt,-8.93,-8.95 (invalid),
fda_0746.pdbqt,-9.23,-9.18 (invalid),
fda_0747.pdbqt,-9.20,-9.12 (invalid),
fda_0748.pdbqt,-5.09,,
fda_0749.pdbqt,-4.97,,
fda_0750.pdbqt,-7.96,,
fda_0751.pdbqt,-5.71,,
fda_0752.pdbqt,-5.86,,
fda_0753.pdbqt,-5.82,,
fda_0754.pdbqt,-4.13,,
fda_0755.pdbqt,-4.09,,
fda_0756.pdbqt,-4.16,,
fda_0757.pdbqt,-3.93,,
fda_0758.pdbqt,-4.22,,
fda_0759.pdbqt,-4.25,,
fda_0760.pdbqt,-4.49,,
fda_0761.pdbqt,-4.45,,
fda_0762.pdbqt,-6.27 (invalid),,
fda_0763.pdbqt,-6.02,,
fda_0764.pdbqt,-6.10 (invalid),,
fda_0765.pdbqt,-6.11,,
fda_0766.pdbqt,-6.04,,
fda_0767.pdbqt,-5.90 (invalid),,
fda_0768.pdbqt,-5.21,,
fda_0769.pdbqt,-5.02,,
fda_0770.pdbqt,-6.51,,
fda_0771.pdbqt,-6.42,,
fda_0772.pdbqt,-6.21,,
fda_0773.pdbqt,-6.30,,
fda_0774.pdbqt,-6.33,,
fda_0775.pdbqt,-5.84,,
fda_0776.pdbqt,-6.20,,
fda_0777.pdbqt,-6.11,,
fda_0778.pdbqt,-6.04,,
fda_0779.pdbqt,-6.12,,
fda_0780.pdbqt,-5.78,,
fda_0781.pdbqt,-5.41,,
fda_0782.pdbqt,-6.60,,
fda_0783.pdbqt,-6.66,,
fda_0784.pdbqt,-6.76,,
fda_0785.pdbqt,-6.95,,
fda_0786.pdbqt,-9.02,-8.54,
fda_0787.pdbqt,-8.89,-8.49,
fda_0788.pdbqt,-8.30,,
fda_0789.pdbqt,-8.23,,
fda_0790.pdbqt,-5.89 (invalid),,
fda_0791.pdbqt,-5.24 (invalid),,
fda_0792.pdbqt,-6.07,,
fda_0793.pdbqt,-5.71 (invalid),,
fda_0794.pdbqt,-5.57 (invalid),,
fda_0795.pdbqt,-8.09,,
fda_0796.pdbqt,-7.81,,
fda_0797.pdbqt,-7.25,,
fda_0798.pdbqt,-7.37,,
fda_0799.pdbqt,-6.88,,
fda_0800.pdbqt,-6.93 (invalid),,
fda_0801.pdbqt,-5.99,,
fda_0802.pdbqt,-5.99,,
fda_0803.pdbqt,-6.39,,
fda_0804.pdbqt,-5.99,,
fda_0805.pdbqt,-6.43,,
fda_0806.pdbqt,-7.03,,
fda_0807.pdbqt,-8.40,,
fda_0808.pdbqt,-7.16,,
fda_0809.pdbqt,-6.35,,
fda_0810.pdbqt,-7.23,,
fda_0811.pdbqt,-7.43,,
fda_0812.pdbqt,-7.17,,
fda_0813.pdbqt,-7.63,,
fda_0814.pdbqt,-7.63,,
fda_0815.pdbqt,-7.56,,
fda_0816.pdbqt,-7.28,,
fda_0817.pdbqt,-8.08,,
fda_0818.pdbqt,-5.10 (invalid),,
fda_0819.pdbqt,-5.12 (invalid),,
fda_0820.pdbqt,-5.04 (invalid),,
fda_0821.pdbqt,-5.63,,
fda_0822.pdbqt,-5.05 (invalid),,
fda_0823.pdbqt,-6.43,,
fda_0824.pdbqt,-7.85,,
fda_0825.pdbqt,-4.69 (invalid),,
fda_0826.pdbqt,-4.83 (invalid),,
fda_0827.pdbqt,-5.96 (invalid),,
fda_0828.pdbqt,-5.02,,
fda_0829.pdbqt,-5.04,,
fda_0830.pdbqt,-7.57,,
fda_0831.pdbqt,-5.39,,
fda_0832.pdbqt,-6.99,,
fda_0833.pdbqt,-6.97,,
fda_0834.pdbqt,-6.98,,
fda_0835.pdbqt,-7.25,,
fda_0836.pdbqt,-7.14,,
fda_0837.pdbqt,-7.65,,
fda_0838.pdbqt,-7.12,,
fda_0839.pdbqt,-8.14,,
fda_0840.pdbqt,-9.30,-9.30,
fda_0841.pdbqt,-8.50,,
fda_0842.pdbqt,-4.86,,
fda_0843.pdbqt,-3.74,,
fda_0844.pdbqt,-3.85,,
fda_0845.pdbqt,-8.36,,
fda_0846.pdbqt,-8.49,,
fda_0847.pdbqt,-7.37,,
fda_0848.pdbqt,-7.60,,
fda_0849.pdbqt,-8.10,,
fda_0850.pdbqt,-7.41,,
fda_0851.pdbqt,-6.98,,
fda_0852.pdbqt,-7.47,,
fda_0853.pdbqt,-7.24,,
fda_0854.pdbqt,-7.79,,
fda_0855.pdbqt,-8.70,-8.71 (invalid),
fda_0856.pdbqt,-8.55,,
fda_0857.pdbqt,-6.37,,
fda_0858.pdbqt,-6.22,,
fda_0859.pdbqt,-6.18,,
fda_0860.pdbqt,-5.96,,
fda_0861.pdbqt,-7.25,,
fda_0862.pdbqt,-7.46,,
fda_0863.pdbqt,-7.76,,
fda_0864.pdbqt,-8.03,,
fda_0865.pdbqt,-7.80,,
fda_0866.pdbqt,-7.69,,
fda_0867.pdbqt,-7.33,,
fda_0868.pdbqt,-7.62,,
fda_0869.pdbqt,-7.87,,
fda_0870.pdbqt,-8.04,,
fda_0871.pdbqt,-8.33,,
fda_0872.pdbqt,-8.60,-8.78,
fda_0873.pdbqt,-8.38,,
fda_0874.pdbqt,-8.50,,
fda_0875.pdbqt,-8.50,,
fda_0876.pdbqt,-8.97,-9.17,
fda_0877.pdbqt,-4.72,,
fda_0878.pdbqt,-5.07,,
fda_0879.pdbqt,-8.10,,
fda_0880.pdbqt,-7.55,,
fda_0881.pdbqt,-7.99,,
fda_0882.pdbqt,-6.13,,
fda_0883.pdbqt,-6.95 (invalid),,
fda_0884.pdbqt,-6.34,,
fda_0885.pdbqt,-6.20,,
fda_0886.pdbqt,-5.92,,
fda_0887.pdbqt,-7.76,,
fda_0888.pdbqt,-7.32,,
fda_0889.pdbqt,-7.15,,
fda_0890.pdbqt,-7.55,,
fda_0891.pdbqt,-7.93,,
fda_0892.pdbqt,-8.12,,
fda_0893.pdbqt,-7.61,,
fda_0894.pdbqt,-5.09 (invalid),,
fda_0895.pdbqt,-4.84 (invalid),,
fda_0896.pdbqt,-5.11 (invalid),,
fda_0897.pdbqt,-5.04 (invalid),,
fda_0898.pdbqt,-6.10,,
fda_0899.pdbqt,-6.25 (invalid),,
fda_0900.pdbqt,-6.21 (invalid),,
fda_0901.pdbqt,-6.09 (invalid),,
fda_0902.pdbqt,-6.45,,
fda_0903.pdbqt,-6.65,,
fda_0904.pdbqt,-7.09,,
fda_0905.pdbqt,-7.12,,
fda_0906.pdbqt,-7.61,,
fda_0907.pdbqt,-8.01,,
fda_0908.pdbqt,-7.51,,
fda_0909.pdbqt,-8.24,,
fda_0910.pdbqt,-8.80,-8.63,
fda_0911.pdbqt,-7.86,,
fda_0912.pdbqt,-7.01,,
fda_0913.pdbqt,-7.44,,
fda_0914.pdbqt,-7.78,,
fda_0915.pdbqt,-8.10,,
fda_0916.pdbqt,-7.31,,
fda_0917.pdbqt,-8.82,-8.70,
fda_0918.pdbqt,-6.94,,
fda_0919.pdbqt,-7.30,,
fda_0920.pdbqt,-6.70 (invalid),,
fda_0921.pdbqt,-6.49,,
fda_0922.pdbqt,-7.06,,
fda_0923.pdbqt,-7.07,,
fda_0924.pdbqt,-7.18,,
fda_0925.pdbqt,-7.41,,
fda_0926.pdbqt,-7.29,,
fda_0927.pdbqt,-7.03,,
fda_0928.pdbqt,-7.25,,
fda_0929.pdbqt,-7.55,,
fda_0930.pdbqt,-7.85,,
fda_0931.pdbqt,-8.01,,
fda_0932.pdbqt,-7.75,,
fda_0933.pdbqt,-7.38,,
fda_0934.pdbqt,-8.03,,
fda_0935.pdbqt,-7.76,,
fda_0936.pdbqt,-7.56,,
fda_0937.pdbqt,-7.33,,
fda_0938.pdbqt,-8.63,-8.63,
fda_0939.pdbqt,-8.88,-8.86,
fda_0940.pdbqt,-8.43,,
fda_0941.pdbqt,-8.79,-8.79,
fda_0942.pdbqt,-8.83,-8.84,
fda_0943.pdbqt,-9.28,-9.04,
fda_0944.pdbqt,-8.22,,
fda_0945.pdbqt,-8.63,-8.64,
fda_0946.pdbqt,-5.92 (invalid),,
fda_0947.pdbqt,-6.91 (invalid),,
fda_0948.pdbqt,-6.12 (invalid),,
fda_0949.pdbqt,-6.13 (invalid),,
fda_0950.pdbqt,-6.85,,
fda_0951.pdbqt,-7.96 (invalid),,
fda_0952.pdbqt,-8.52,,
fda_0953.pdbqt,-7.56,,
fda_0954.pdbqt,-6.38,,
fda_0955.pdbqt,-6.66,,
fda_0956.pdbqt,-7.38,,
fda_0957.pdbqt,-7.65,,
fda_0958.pdbqt,-7.90,,
fda_0959.pdbqt,-7.75,,
fda_0960.pdbqt,-8.79,-8.82,
fda_0961.pdbqt,-7.79,,
fda_0962.pdbqt,-7.13,,
fda_0963.pdbqt,-7.97,,
fda_0964.pdbqt,-7.86,,
fda_0965.pdbqt,-7.92,,
fda_0966.pdbqt,-7.91,,
fda_0967.pdbqt,-8.09,,
fda_0968.pdbqt,-9.23,-9.25,
fda_0969.pdbqt,-8.71,-8.68,
fda_0970.pdbqt,-7.45,,
fda_0971.pdbqt,-8.36,,
fda_0972.pdbqt,-8.25,,
fda_0973.pdbqt,-7.75,,
fda_0974.pdbqt,-6.86,,
fda_0975.pdbqt,-7.67,,
fda_0976.pdbqt,-6.66,,
fda_0977.pdbqt,-7.37,,
fda_0978.pdbqt,-8.70,-8.75,
fda_0979.pdbqt,-8.53,,
fda_0980.pdbqt,-8.13,,
fda_0981.pdbqt,-8.27,,
fda_0982.pdbqt,-7.10,,
fda_0983.pdbqt,-7.08,,
fda_0984.pdbqt,-7.12,,
fda_0985.pdbqt,-7.88,,
fda_0986.pdbqt,-7.04,,
fda_0987.pdbqt,-7.75,,
fda_0988.pdbqt,-7.55,,
fda_0989.pdbqt,-7.75,,
fda_0990.pdbqt,-8.37,,
fda_0991.pdbqt,-7.32,,
fda_0992.pdbqt,-7.60,,
fda_0993.pdbqt,-7.12,,
fda_0994.pdbqt,-8.32,,
fda_0995.pdbqt,-8.89,-8.88,
fda_0996.pdbqt,-7.01,,
fda_0997.pdbqt,-7.73,,
fda_0998.pdbqt,-8.34,,
fda_0999.pdbqt,-7.90,,
fda_1000.pdbqt,-7.86 (invalid),,
fda_1001.pdbqt,-8.25,,
fda_1002.pdbqt,-8.29,,
fda_1003.pdbqt,-7.88,,
fda_1004.pdbqt,-7.67,,
fda_1005.pdbqt,-7.07,,
fda_1006.pdbqt,-7.25,,
fda_1007.pdbqt,-7.23,,
fda_1008.pdbqt,-6.69,,
fda_1009.pdbqt,-6.85,,
fda_1010.pdbqt,-6.68,,
fda_1011.pdbqt,-6.70,,
fda_1012.pdbqt,-7.53,,
fda_1013.pdbqt,-7.43,,
fda_1014.pdbqt,-7.58,,
fda_1015.pdbqt,-7.17,,
fda_1016.pdbqt,-7.20,,
fda_1017.pdbqt,-7.44,,
fda_1018.pdbqt,-6.94,,
fda_1019.pdbqt,-6.57,,
fda_1020.pdbqt,-6.53,,
fda_1021.pdbqt,-6.06,,
fda_1022.pdbqt,-6.61,,
fda_1023.pdbqt,-6.32,,
fda_1024.pdbqt,-6.21,,
fda_1025.pdbqt,-7.51,,
fda_1026.pdbqt,-7.40,,
fda_1027.pdbqt,-6.44,,
fda_1028.pdbqt,-5.69,,
fda_1029.pdbqt,-6.37,,
fda_1030.pdbqt,-6.53,,
fda_1031.pdbqt,-6.25,,
fda_1032.pdbqt,-6.73,,
fda_1033.pdbqt,-8.16,,
fda_1034.pdbqt,-7.00,,
fda_1035.pdbqt,-6.78,,
fda_1036.pdbqt,-5.77,,
fda_1037.pdbqt,-6.77,,
fda_1038.pdbqt,-6.99,,
fda_1039.pdbqt,-7.02,,
fda_1040.pdbqt,-7.12,,
fda_1041.pdbqt,-7.67,,
fda_1042.pdbqt,-7.70,,
fda_1043.pdbqt,-7.80,,
fda_1044.pdbqt,-8.04,,
fda_1045.pdbqt,-6.90,,
fda_1046.pdbqt,-8.25,,
fda_1047.pdbqt,-7.95,,
fda_1048.pdbqt,-7.84,,
fda_1049.pdbqt,-7.61,,
fda_1050.pdbqt,-7.79,,
fda_1051.pdbqt,-5.42,,
fda_1052.pdbqt,-7.44,,
fda_1053.pdbqt,-6.23,,
fda_1054.pdbqt,-7.41,,
fda_1055.pdbqt,-6.50,,
fda_1056.pdbqt,-6.37,,
fda_1057.pdbqt,-7.62,,
fda_1058.pdbqt,-6.33,,
fda_1059.pdbqt,-7.54,,
fda_1060.pdbqt,-7.13,,
fda_1061.pdbqt,-7.57,,
fda_1062.pdbqt,-7.19,,
fda_1063.pdbqt,-7.56,,
fda_1064.pdbqt,-7.71,,
fda_1065.pdbqt,-7.81,,
fda_1066.pdbqt,-7.86,,
fda_1067.pdbqt,-7.62,,
fda_1068.pdbqt,-7.81,,
fda_1069.pdbqt,-8.27,,
fda_1070.pdbqt,-8.33,,
fda_1071.pdbqt,-8.26,,
fda_1072.pdbqt,-7.96,,
fda_1073.pdbqt,-7.79,,
fda_1074.pdbqt,-7.89,,
fda_1075.pdbqt,-7.84,,
fda_1076.pdbqt,-7.60,,
fda_1077.pdbqt,-7.51,,
fda_1078.pdbqt,-7.41,,
fda_1079.pdbqt,-7.27,,
fda_1080.pdbqt,-7.91,,
fda_1081.pdbqt,-6.60,,
fda_1082.pdbqt,-5.36,,
fda_1083.pdbqt,-6.56,,
fda_1084.pdbqt,-7.18 (invalid),,
fda_1085.pdbqt,-6.94,,
fda_1086.pdbqt,-7.35,,
fda_1087.pdbqt,-6.70,,
fda_1088.pdbqt,-7.66 (invalid),,
fda_1089.pdbqt,-4.51,,
fda_1090.pdbqt,-7.93,,
fda_1091.pdbqt,-7.48,,
fda_1092.pdbqt,-7.19,,
fda_1093.pdbqt,-7.03,,
fda_1094.pdbqt,-7.28,,
fda_1095.pdbqt,-7.40,,
fda_1096.pdbqt,-7.09,,
fda_1097.pdbqt,-6.89,,
fda_1098.pdbqt,-6.85,,
fda_1099.pdbqt,-7.51,,
fda_1100.pdbqt,-7.18,,
fda_1101.pdbqt,-7.33,,
fda_1102.pdbqt,-7.63,,
fda_1103.pdbqt,-7.95,,
fda_1104.pdbqt,-7.19,,
fda_1105.pdbqt,-7.98,,
fda_1106.pdbqt,-7.29,,
fda_1107.pdbqt,-6.42,,
fda_1108.pdbqt,-6.09,,
fda_1109.pdbqt,-6.22,,
fda_1110.pdbqt,-6.30,,
fda_1111.pdbqt,-7.60,,
fda_1112.pdbqt,-7.69,,
fda_1113.pdbqt,-7.80 (invalid),,
fda_1114.pdbqt,-8.26,,
fda_1115.pdbqt,-7.62,,
fda_1116.pdbqt,-8.15,,
fda_1117.pdbqt,-7.77,,
fda_1118.pdbqt,-5.21 (invalid),,
fda_1119.pdbqt,-5.10 (invalid),,
fda_1120.pdbqt,-6.90,,
fda_1121.pdbqt,-7.30,,
fda_1122.pdbqt,-8.10,,
fda_1123.pdbqt,-7.79,,
fda_1124.pdbqt,-7.23,,
fda_1125.pdbqt,-8.28,,
fda_1126.pdbqt,-8.26,,
fda_1127.pdbqt,-9.06,-8.98 (invalid),
fda_1128.pdbqt,-9.02,-9.04,
fda_1129.pdbqt,-7.42,,
fda_1130.pdbqt,-7.66,,
fda_1131.pdbqt,-8.91,-8.88,
fda_1132.pdbqt,-8.22 (invalid),,
fda_1133.pdbqt,-7.37,,
fda_1134.pdbqt,-7.99,,
fda_1135.pdbqt,-7.63,,
fda_1136.pdbqt,-7.63,,
fda_1137.pdbqt,-8.32,,
fda_1138.pdbqt,-8.51,,
fda_1139.pdbqt,-8.18,,
fda_1140.pdbqt,-9.25,-7.80,
fda_1141.pdbqt,-7.29,,
fda_1142.pdbqt,-7.80,,
fda_1143.pdbqt,-7.32,,
fda_1144.pdbqt,-7.09,,
fda_1145.pdbqt,-7.46,,
fda_1146.pdbqt,-7.89,,
fda_1147.pdbqt,-6.13,,
fda_1148.pdbqt,-6.14,,
fda_1149.pdbqt,-6.64,,
fda_1150.pdbqt,-6.53,,
fda_1151.pdbqt,-6.00 (invalid),,
fda_1152.pdbqt,-6.16 (invalid),,
fda_1153.pdbqt,-6.24,,
fda_1154.pdbqt,-6.32,,
fda_1155.pdbqt,-7.05,,
fda_1156.pdbqt,-5.03,,
fda_1157.pdbqt,-7.27,,
fda_1158.pdbqt,-8.72,-9.12,
fda_1159.pdbqt,-8.82,-8.84,
fda_1160.pdbqt,-9.03,-8.94,
fda_1161.pdbqt,-8.40,,
fda_1162.pdbqt,-6.93,,
fda_1163.pdbqt,-7.49,,
fda_1164.pdbqt,-8.39,,
fda_1165.pdbqt,-7.70,,
fda_1166.pdbqt,-7.71,,
fda_1167.pdbqt,-7.75,,
fda_1168.pdbqt,-7.90,,
fda_1169.pdbqt,-7.91,,
fda_1170.pdbqt,-8.33,,
fda_1171.pdbqt,-6.99,,
fda_1172.pdbqt,-7.24,,
fda_1173.pdbqt,-7.42,,
fda_1174.pdbqt,-8.64,-8.62,
fda_1175.pdbqt,-8.36,,
fda_1176.pdbqt,-8.37,,
fda_1177.pdbqt,-6.54,,
fda_1178.pdbqt,-6.58,,
fda_1179.pdbqt,-5.85,,
fda_1180.pdbqt,-5.97,,
fda_1181.pdbqt,-6.19,,
fda_1182.pdbqt,-6.51,,
fda_1183.pdbqt,-7.12,,
fda_1184.pdbqt,-8.18,,
fda_1185.pdbqt,-7.29,,
fda_1186.pdbqt,-7.09,,
fda_1187.pdbqt,-7.22,,
fda_1188.pdbqt,-6.96,,
fda_1189.pdbqt,-7.47,,
fda_1190.pdbqt,-7.29,,
fda_1191.pdbqt,-7.52,,
fda_1192.pdbqt,-6.98,,
fda_1193.pdbqt,-7.61 (invalid),,
fda_1194.pdbqt,-3.13,,
fda_1195.pdbqt,-3.75,,
fda_1196.pdbqt,-6.42,,
fda_1197.pdbqt,-6.63,,
fda_1198.pdbqt,-7.45,,
fda_1199.pdbqt,-7.53,,
fda_1200.pdbqt,-7.17,,
fda_1201.pdbqt,-7.33,,
fda_1202.pdbqt,-5.38,,
fda_1203.pdbqt,-6.69,,
fda_1204.pdbqt,-6.93,,
fda_1205.pdbqt,-9.46,-9.28,
fda_1206.pdbqt,-8.88,-9.05,
fda_1207.pdbqt,-9.29,-9.46,
fda_1208.pdbqt,-5.67,,
fda_1209.pdbqt,-5.63,,
fda_1210.pdbqt,-7.63,,
fda_1211.pdbqt,-7.60,,
fda_1212.pdbqt,-8.16,,
fda_1213.pdbqt,-7.91,,
fda_1214.pdbqt,-7.04,,
fda_1215.pdbqt,-7.48,,
fda_1216.pdbqt,-7.58,,
fda_1217.pdbqt,-7.07,,
fda_1218.pdbqt,-7.53,,
fda_1219.pdbqt,-7.27,,
fda_1220.pdbqt,-7.09,,
fda_1221.pdbqt,-4.77 (invalid),,
fda_1222.pdbqt,-5.54,,
fda_1223.pdbqt,-5.92,,
fda_1224.pdbqt,-6.60,,
fda_1225.pdbqt,-6.42,,
fda_1226.pdbqt,-7.67,,
fda_1227.pdbqt,-7.53,,
fda_1228.pdbqt,-7.87,,
fda_1229.pdbqt,-7.58,,
fda_1230.pdbqt,-6.31,,
fda_1231.pdbqt,-6.47,,
fda_1232.pdbqt,-6.49,,
fda_1233.pdbqt,-6.67,,
fda_1234.pdbqt,-6.15,,
fda_1235.pdbqt,-9.11,-9.15,
fda_1236.pdbqt,-8.72,-8.49,
fda_1237.pdbqt,-9.67,-9.64,
fda_1238.pdbqt,-8.87,-8.83,
fda_1239.pdbqt,-4.87,,
fda_1240.pdbqt,-5.97,,
fda_1241.pdbqt,-8.02,,
fda_1242.pdbqt,-6.36,,
fda_1243.pdbqt,-7.32,,
fda_1244.pdbqt,-9.45,-9.51,
fda_1245.pdbqt,-7.18,,
fda_1246.pdbqt,-7.96,,
fda_1247.pdbqt,-6.24,,
fda_1248.pdbqt,-7.24,,
fda_1249.pdbqt,-5.73,,
fda_1250.pdbqt,-5.98,,
fda_1251.pdbqt,-5.70,,
fda_1252.pdbqt,-5.65 (invalid),,
fda_1253.pdbqt,-7.37,,
fda_1254.pdbqt,-4.69 (invalid),,
fda_1255.pdbqt,-4.70 (invalid),,
fda_1256.pdbqt,-4.71,,
fda_1257.pdbqt,-4.81 (invalid),,
fda_1258.pdbqt,-7.74 (invalid),,
fda_1259.pdbqt,-7.42,,
fda_1260.pdbqt,-7.53 (invalid),,
fda_1261.pdbqt,-7.45,,
fda_1262.pdbqt,-7.80,,
fda_1263.pdbqt,-8.29,,
fda_1264.pdbqt,-8.89,-8.87,
fda_1265.pdbqt,-8.09,,
fda_1266.pdbqt,-7.40,,
fda_1267.pdbqt,-5.88 (invalid),,
fda_1268.pdbqt,-5.48,,
fda_1269.pdbqt,-7.24,,
fda_1270.pdbqt,-5.80,,
fda_1271.pdbqt,-8.02,,
fda_1272.pdbqt,-6.89,,
fda_1273.pdbqt,-4.50 (invalid),,
fda_1274.pdbqt,-4.49,,
fda_1275.pdbqt,-7.01,,
fda_1276.pdbqt,-8.09,,
fda_1277.pdbqt,-7.58 (invalid),,
fda_1278.pdbqt,-7.49,,
fda_1279.pdbqt,-5.64 (invalid),,
fda_1280.pdbqt,-7.80,,
fda_1281.pdbqt,-5.09,,
fda_1282.pdbqt,-6.19,,
fda_1283.pdbqt,-7.64,,
fda_1284.pdbqt,-7.36,,
fda_1285.pdbqt,-7.59,,
fda_1286.pdbqt,-7.98,,
fda_1287.pdbqt,-7.57,,
fda_1288.pdbqt,-7.09,,
fda_1289.pdbqt,-7.35,,
fda_1290.pdbqt,-7.04,,
fda_1291.pdbqt,-7.10,,
fda_1292.pdbqt,-8.25 (invalid),,
fda_1293.pdbqt,-9.01,-7.94,
fda_1294.pdbqt,-7.30 (invalid),,
fda_1295.pdbqt,-5.53,,
fda_1296.pdbqt,-4.29,,
fda_1297.pdbqt,-6.35,,
fda_1298.pdbqt,-6.96,,
fda_1299.pdbqt,-5.81,,
fda_1300.pdbqt,-5.54,,
fda_1301.pdbqt,-5.53,,
fda_1302.pdbqt,-6.13,,
fda_1303.pdbqt,-6.90,,
fda_1304.pdbqt,-6.12,,
fda_1305.pdbqt,-8.18,,
fda_1306.pdbqt,-6.68,,
fda_1307.pdbqt,-6.52,,
fda_1308.pdbqt,-6.41,,
fda_1309.pdbqt,-8.06,,
fda_1310.pdbqt,-6.49,,
fda_1311.pdbqt,-6.98,,
fda_1312.pdbqt,-5.19,,
fda_1313.pdbqt,-5.04,,
fda_1314.pdbqt,-5.79,,
fda_1315.pdbqt,-6.59,,
fda_1316.pdbqt,-7.08,,
fda_1317.pdbqt,-6.89,,
fda_1318.pdbqt,-7.31,,
fda_1319.pdbqt,-3.28,,
fda_1320.pdbqt,-6.78,,
fda_1321.pdbqt,-6.65,,
fda_1322.pdbqt,-7.19,,
fda_1323.pdbqt,-7.43,,
fda_1324.pdbqt,-7.87,,
fda_1325.pdbqt,-7.50,,
fda_1326.pdbqt,-7.77,,
fda_1327.pdbqt,-6.98,,
fda_1328.pdbqt,-6.62,,
fda_1329.pdbqt,-6.55,,
fda_1330.pdbqt,-8.49,,
fda_1331.pdbqt,-7.46,,
fda_1332.pdbqt,-4.07,,
fda_1333.pdbqt,-6.47,,
fda_1334.pdbqt,-7.67,,
fda_1335.pdbqt,-5.73,,
fda_1336.pdbqt,-6.77,,
fda_1337.pdbqt,-5.36 (invalid),,
fda_1338.pdbqt,-7.37,,
fda_1339.pdbqt,-8.19,,
fda_1340.pdbqt,-7.67,,
fda_1341.pdbqt,-5.98 (invalid),,
fda_1342.pdbqt,-7.14,,
fda_1343.pdbqt,-6.65,,
fda_1344.pdbqt,-3.94,,
fda_1345.pdbqt,-6.47,,
fda_1346.pdbqt,-5.54 (invalid),,
fda_1347.pdbqt,-5.47,,
fda_1348.pdbqt,-7.16,,
fda_1349.pdbqt,-6.88,,
fda_1350.pdbqt,-7.06,,
fda_1351.pdbqt,-6.62,,
fda_1352.pdbqt,-6.26,,
fda_1353.pdbqt,-5.70 (invalid),,
fda_1354.pdbqt,-6.27,,
fda_1355.pdbqt,-4.64 (invalid),,
fda_1356.pdbqt,-4.63,,
fda_1357.pdbqt,-4.45,,
fda_1358.pdbqt,-7.29,,
fda_1359.pdbqt,-8.43,,
fda_1360.pdbqt,-8.84,-8.75,
fda_1361.pdbqt,-5.74,,
fda_1362.pdbqt,-6.31,,
fda_1363.pdbqt,-6.02,,
fda_1364.pdbqt,-7.34,,
fda_1365.pdbqt,-7.42,,
fda_1366.pdbqt,-7.86,,
fda_1367.pdbqt,-8.27,,
fda_1368.pdbqt,-7.53,,
fda_1369.pdbqt,-5.04,,
fda_1370.pdbqt,-4.89,,
fda_1371.pdbqt,-7.50,,
fda_1372.pdbqt,-7.68,,
fda_1373.pdbqt,-4.26,,
fda_1374.pdbqt,-4.37,,
fda_1375.pdbqt,-6.51 (invalid),,
fda_1376.pdbqt,-6.32,,
fda_1377.pdbqt,-6.79,,
fda_1378.pdbqt,-7.10,,
fda_1379.pdbqt,-7.84,,
fda_1380.pdbqt,-5.57,,
fda_1381.pdbqt,-3.97,,
fda_1382.pdbqt,-5.48,,
fda_1383.pdbqt,-6.53,,
fda_1384.pdbqt,-6.42,,
fda_1385.pdbqt,-6.93,,
fda_1386.pdbqt,-5.85,,
fda_1387.pdbqt,-5.95,,
fda_1388.pdbqt,-5.72,,
fda_1389.pdbqt,-4.53 (invalid),,
fda_1390.pdbqt,-4.46 (invalid),,
fda_1391.pdbqt,-6.03,,
fda_1392.pdbqt,-6.91,,
fda_1393.pdbqt,-8.05,,
fda_1394.pdbqt,-5.07,,
fda_1395.pdbqt,-5.62,,
fda_1396.pdbqt,-5.89,,
fda_1397.pdbqt,-6.63,,
fda_1398.pdbqt,-5.93,,
fda_1399.pdbqt,-5.98,,
fda_1400.pdbqt,-5.71,,
fda_1401.pdbqt,-8.33,,
fda_1402.pdbqt,-4.86,,
fda_1403.pdbqt,-6.01,,
fda_1404.pdbqt,-7.44,,
fda_1405.pdbqt,-6.57,,
fda_1406.pdbqt,-7.29,,
fda_1407.pdbqt,-7.94,,
fda_1408.pdbqt,-7.88,,
fda_1409.pdbqt,-8.35,,
fda_1410.pdbqt,-5.01 (invalid),,
fda_1411.pdbqt,-6.82,,
fda_1412.pdbqt,-5.23 (invalid),,
fda_1413.pdbqt,-7.52,,
fda_1414.pdbqt,-5.51,,
fda_1415.pdbqt,-7.27,,
fda_1416.pdbqt,-7.64 (invalid),,
fda_1417.pdbqt,-6.82,,
fda_1418.pdbqt,-6.65,,
fda_1419.pdbqt,-7.00,,
fda_1420.pdbqt,-7.15,,
fda_1421.pdbqt,-6.06,,
fda_1422.pdbqt,-7.44,,
fda_1423.pdbqt,-7.44,,
fda_1424.pdbqt,-6.00,,
fda_1425.pdbqt,-6.43,,
fda_1426.pdbqt,-6.41,,
fda_1427.pdbqt,-5.97,,
fda_1428.pdbqt,-5.86,,
fda_1429.pdbqt,-6.61,,
fda_1430.pdbqt,-7.55,,
fda_1431.pdbqt,-3.78,,
fda_1432.pdbqt,-6.79,,
fda_1433.pdbqt,-6.82,,
fda_1434.pdbqt,-7.27,,
fda_1435.pdbqt,-6.53,,
fda_1436.pdbqt,-6.55,,
fda_1437.pdbqt,-4.83,,
fda_1438.pdbqt,-6.33,,
fda_1439.pdbqt,-6.95 (invalid),,
fda_1440.pdbqt,-7.79,,
fda_1441.pdbqt,-5.99,,
fda_1442.pdbqt,-8.42,,
fda_1443.pdbqt,-4.54 (invalid),,
fda_1444.pdbqt,-6.94,,
fda_1445.pdbqt,-6.26 (invalid),,
fda_1446.pdbqt,-5.41,,
fda_1447.pdbqt,-9.40,-9.38,
fda_1448.pdbqt,-8.02,,
fda_1449.pdbqt,-8.31,,
fda_1450.pdbqt,-7.26,,
fda_1451.pdbqt,-6.00,,
fda_1452.pdbqt,-9.10,-9.14,
fda_1453.pdbqt,-7.38,,
fda_1454.pdbqt,-5.25,,
fda_1455.pdbqt,-6.63,,
fda_1456.pdbqt,-6.14,,
fda_1457.pdbqt,-6.32,,
fda_1458.pdbqt,-4.50,,
fda_1459.pdbqt,-4.22,,
fda_1460.pdbqt,-5.50,,
fda_1461.pdbqt,-5.86,,
fda_1462.pdbqt,-6.58,,
fda_1463.pdbqt,-6.49,,
fda_1464.pdbqt,-6.72,,
fda_1465.pdbqt,-7.13,,
fda_1466.pdbqt,-4.31,,
fda_1467.pdbqt,-5.26,,
fda_1468.pdbqt,-5.16,,
fda_1469.pdbqt,-5.05,,
fda_1470.pdbqt,-7.28,,
fda_1471.pdbqt,-4.60,,
fda_1472.pdbqt,-5.86,,
fda_1473.pdbqt,-6.48,,
fda_1474.pdbqt,-6.73,,
fda_1475.pdbqt,-6.72,,
fda_1476.pdbqt,-7.52,,
fda_1477.pdbqt,-6.65,,
fda_1478.pdbqt,-7.77,,
fda_1479.pdbqt,-6.42,,
fda_1480.pdbqt,-6.95,,
fda_1481.pdbqt,-6.76,,
fda_1482.pdbqt,-6.97,,
fda_1483.pdbqt,-6.35,,
fda_1484.pdbqt,-6.98,,
fda_1485.pdbqt,-6.78,,
fda_1486.pdbqt,-5.95,,
fda_1487.pdbqt,-6.14,,
fda_1488.pdbqt,-5.35,,
fda_1489.pdbqt,-7.07,,
fda_1490.pdbqt,-5.12,,
fda_1491.pdbqt,-6.66,,
fda_1492.pdbqt,-7.75,,
fda_1493.pdbqt,-6.23,,
fda_1494.pdbqt,-6.78,,
fda_1495.pdbqt,-7.45,,
fda_1496.pdbqt,-5.32,,
fda_1497.pdbqt,-5.29,,
fda_1498.pdbqt,-5.10,,
fda_1499.pdbqt,-6.14,,
fda_1500.pdbqt,-6.57,,
fda_1501.pdbqt,-5.94,,
fda_1502.pdbqt,-5.51,,
fda_1503.pdbqt,-5.56,,
fda_1504.pdbqt,-5.94,,
fda_1505.pdbqt,-7.49,,
fda_1506.pdbqt,-7.95,,
fda_1507.pdbqt,-7.65,,
fda_1508.pdbqt,-7.83,,
fda_1509.pdbqt,-7.78,,
fda_1510.pdbqt,-7.79,,
fda_1511.pdbqt,-9.32,-9.31,
fda_1512.pdbqt,-5.23,,
fda_1513.pdbqt,-6.56,,
fda_1514.pdbqt,-5.23,,
fda_1515.pdbqt,-6.92 (invalid),,
fda_1516.pdbqt,-7.79,,
fda_1517.pdbqt,-4.09 (invalid),,
fda_1518.pdbqt,-7.39,,
fda_1519.pdbqt,-7.50,,
fda_1520.pdbqt,-5.80,,
fda_1521.pdbqt,-4.45,,
fda_1522.pdbqt,-6.89,,
fda_1523.pdbqt,-4.60 (invalid),,
fda_1524.pdbqt,-7.59 (invalid),,
fda_1525.pdbqt,-5.15,,
fda_1526.pdbqt,-7.89,,
fda_1527.pdbqt,-5.74,,
fda_1528.pdbqt,-5.35 (invalid),,
fda_1529.pdbqt,-8.58,-8.58,
fda_1530.pdbqt,-8.92,-8.57 (invalid),
fda_1531.pdbqt,-5.11,,
fda_1532.pdbqt,-6.47,,
fda_1533.pdbqt,-7.31,,
fda_1534.pdbqt,-7.65,,
fda_1535.pdbqt,-8.05,,
fda_1536.pdbqt,-6.54 (invalid),,
fda_1537.pdbqt,-3.96 (invalid),,
fda_1538.pdbqt,-7.04,,
fda_1539.pdbqt,-6.43 (invalid),,
fda_1540.pdbqt,-7.18,,
fda_1541.pdbqt,-7.18,,
fda_1542.pdbqt,-6.58 (invalid),,
fda_1543.pdbqt,-6.45,,
fda_1544.pdbqt,-7.04,,
fda_1545.pdbqt,-6.56,,
fda_1546.pdbqt,-7.37,,
fda_1547.pdbqt,-7.85,,
fda_1548.pdbqt,-8.00,,
fda_1549.pdbqt,-6.37,,
fda_1550.pdbqt,-7.49,,
fda_1551.pdbqt,-5.87,,
fda_1552.pdbqt,-5.47,,
fda_1553.pdbqt,-7.64,,
fda_1554.pdbqt,-7.84,,
fda_1555.pdbqt,-7.78,,
fda_1556.pdbqt,-7.65,,
fda_1557.pdbqt,-6.56,,
fda_1558.pdbqt,-6.72,,
fda_1559.pdbqt,-5.37,,
fda_1560.pdbqt,-6.38,,
fda_1561.pdbqt,-3.28,,
fda_1562.pdbqt,-7.23,,
fda_1563.pdbqt,-7.21,,
fda_1564.pdbqt,-7.34,,
fda_1565.pdbqt,-6.74 (invalid),,
fda_1566.pdbqt,-6.00,,
fda_1567.pdbqt,-6.99,,
fda_1568.pdbqt,-5.79,,
fda_1569.pdbqt,-6.73 (invalid),,
fda_1570.pdbqt,-7.82,,
fda_1571.pdbqt,-9.13,-9.04,
fda_1572.pdbqt,-9.19,-8.61,
fda_1573.pdbqt,-4.89,,
fda_1574.pdbqt,-5.75,,
fda_1575.pdbqt,-5.86,,
fda_1576.pdbqt,-6.08,,
fda_1577.pdbqt,-6.20,,
fda_1578.pdbqt,-9.01,-8.77,
fda_1579.pdbqt,-7.97,,
fda_1580.pdbqt,-7.87 (invalid),,
fda_1581.pdbqt,-7.33,,
fda_1582.pdbqt,-7.95,,
fda_1583.pdbqt,-7.69,,
fda_1584.pdbqt,-7.36,,
fda_1585.pdbqt,-4.95 (invalid),,
fda_1586.pdbqt,-6.61,,
fda_1587.pdbqt,-4.87,,
fda_1588.pdbqt,-6.60,,
fda_1589.pdbqt,-6.39,,
fda_1590.pdbqt,-6.69,,
fda_1591.pdbqt,-7.72,,
fda_1592.pdbqt,-7.64,,
fda_1593.pdbqt,-7.28,,
fda_1594.pdbqt,-7.47,,
fda_1595.pdbqt,-7.62,,
fda_1596.pdbqt,-7.27,,
fda_1597.pdbqt,-7.40,,
fda_1598.pdbqt,-7.09,,
fda_1599.pdbqt,-6.34,,
fda_1600.pdbqt,-7.83,,
fda_1601.pdbqt,-8.07,,
fda_1602.pdbqt,-7.40,,
fda_1603.pdbqt,-4.74 (invalid),,
fda_1604.pdbqt,-6.86,,
fda_1605.pdbqt,-6.53,,
fda_1606.pdbqt,-8.37,,
fda_1607.pdbqt,-7.96,,
fda_1608.pdbqt,-7.89,,
fda_1609.pdbqt,-8.11,,
fda_1610.pdbqt,-7.46,,
fda_1611.pdbqt,-7.03,,
fda_1612.pdbqt,-5.99,,
fda_1613.pdbqt,-7.06,,
fda_1614.pdbqt,-7.52,,
fda_1615.pdbqt,-7.43,,
fda_1616.pdbqt,-7.18,,
fda_1617.pdbqt,-7.53,,
fda_1618.pdbqt,-6.11,,
fda_1619.pdbqt,-6.19,,
fda_1620.pdbqt,-6.03,,
fda_1621.pdbqt,-6.95,,
fda_1622.pdbqt,-6.24,,
fda_1623.pdbqt,-7.27,,
fda_1624.pdbqt,-7.34,,
fda_1625.pdbqt,-7.04,,
fda_1626.pdbqt,-6.56,,
fda_1627.pdbqt,-6.88,,
fda_1628.pdbqt,-6.92,,
fda_1629.pdbqt,-5.98,,
fda_1630.pdbqt,-7.53,,
fda_1631.pdbqt,-6.75,,
fda_1632.pdbqt,-6.85,,
fda_1633.pdbqt,-7.12,,
fda_1634.pdbqt,-6.87,,
fda_1635.pdbqt,-6.80,,
fda_1636.pdbqt,-5.88,,
fda_1637.pdbqt,-6.78,,
fda_1638.pdbqt,-6.88,,
fda_1639.pdbqt,-6.51 (invalid),,
fda_1640.pdbqt,-6.82,,
fda_1641.pdbqt,-7.85,,
fda_1642.pdbqt,-6.97,,
fda_1643.pdbqt,-6.00,,
fda_1644.pdbqt,-6.83,,
fda_1645.pdbqt,-8.04,,
fda_1646.pdbqt,-6.50,,
fda_1647.pdbqt,-6.15,,
fda_1648.pdbqt,-6.18,,
fda_1649.pdbqt,-6.28,,
fda_1650.pdbqt,-6.05,,
fda_1651.pdbqt,-7.01,,
fda_1652.pdbqt,-7.79,,
fda_1653.pdbqt,-6.42,,
fda_1654.pdbqt,-7.54,,
fda_1655.pdbqt,-6.89,,
fda_1656.pdbqt,-6.36,,
fda_1657.pdbqt,-6.13,,
fda_1658.pdbqt,-6.50,,
fda_1659.pdbqt,-6.39,,
fda_1660.pdbqt,-5.84,,
fda_1661.pdbqt,-5.63,,
fda_1662.pdbqt,-6.08,,
fda_1663.pdbqt,-5.82,,
fda_1664.pdbqt,-5.61,,
fda_1665.pdbqt,-5.55,,
fda_1666.pdbqt,-6.96,,
fda_1667.pdbqt,-7.26,,
fda_1668.pdbqt,-7.82,,
fda_1669.pdbqt,-6.63,,
fda_1670.pdbqt,-6.62,,
fda_1671.pdbqt,-6.78,,
fda_1672.pdbqt,-5.74,,
fda_1673.pdbqt,-6.33,,
fda_1674.pdbqt,-6.16,,
fda_1675.pdbqt,-4.92,,
fda_1676.pdbqt,-7.75 (invalid),,
fda_1677.pdbqt,-7.02,,
fda_1678.pdbqt,-7.01,,
fda_1679.pdbqt,-4.91 (invalid),,
fda_1680.pdbqt,-7.32,,
fda_1681.pdbqt,-6.93,,
fda_1682.pdbqt,-6.12,,
fda_1683.pdbqt,-5.25 (invalid),,
fda_1684.pdbqt,-6.34,,
fda_1685.pdbqt,-6.57,,
fda_1686.pdbqt,-5.12,,
fda_1687.pdbqt,-6.28,,
fda_1688.pdbqt,-5.43,,
fda_1689.pdbqt,-6.02,,
fda_1690.pdbqt,-8.39,,
fda_1691.pdbqt,-5.69,,
fda_1692.pdbqt,-6.10,,
fda_1693.pdbqt,-6.05,,
fda_1694.pdbqt,-6.18 (invalid),,
fda_1695.pdbqt,-5.66,,
fda_1696.pdbqt,-6.52,,
fda_1697.pdbqt,-7.20,,
fda_1698.pdbqt,-4.79,,
fda_1699.pdbqt,-4.63,,
fda_1700.pdbqt,-6.71,,
fda_1701.pdbqt,-6.78,,
fda_1702.pdbqt,-7.68,,
fda_1703.pdbqt,-7.39,,
fda_1704.pdbqt,-5.85,,
fda_1705.pdbqt,-5.78,,
fda_1706.pdbqt,-7.73,,
fda_1707.pdbqt,-7.51,,
fda_1708.pdbqt,-6.90,,
fda_1709.pdbqt,-6.67,,
fda_1710.pdbqt,-7.04,,
fda_1711.pdbqt,-5.88,,
fda_1712.pdbqt,-3.97,,
fda_1713.pdbqt,-7.51,,
fda_1714.pdbqt,-6.50,,
fda_1715.pdbqt,-7.12,,
fda_1716.pdbqt,-6.05,,
fda_1717.pdbqt,-6.77,,
fda_1718.pdbqt,-7.76,,
fda_1719.pdbqt,-5.51,,
fda_1720.pdbqt,-6.57,,
fda_1721.pdbqt,-6.13,,
fda_1722.pdbqt,-6.20,,
fda_1723.pdbqt,-7.66,,
fda_1724.pdbqt,-6.10,,
fda_1725.pdbqt,-6.81 (invalid),,
fda_1726.pdbqt,-7.71,,
fda_1727.pdbqt,-6.44,,
fda_1728.pdbqt,-7.18,,
fda_1729.pdbqt,-6.56,,
fda_1730.pdbqt,-6.29,,
fda_1731.pdbqt,-7.72,,
fda_1732.pdbqt,-7.28,,
fda_1733.pdbqt,-7.48,,
fda_1734.pdbqt,-6.84,,
fda_1735.pdbqt,-6.94,,
fda_1736.pdbqt,-7.55,,
fda_1737.pdbqt,-7.27,,
fda_1738.pdbqt,-5.77,,
fda_1739.pdbqt,-5.62 (invalid),,
fda_1740.pdbqt,-7.68,,
fda_1741.pdbqt,-6.55,,
fda_1742.pdbqt,-6.64,,
fda_1743.pdbqt,-7.15,,
fda_1744.pdbqt,-7.37,,
fda_1745.pdbqt,-7.86,,
fda_1746.pdbqt,-9.36,-9.20,
fda_1747.pdbqt,-6.57,,
fda_1748.pdbqt,-7.77,,
fda_1749.pdbqt,-8.01 (invalid),,
fda_1750.pdbqt,-7.13,,
fda_1751.pdbqt,-5.99,,
fda_1752.pdbqt,-7.23,,
fda_1753.pdbqt,-6.64,,
fda_1754.pdbqt,-7.66,,
fda_1755.pdbqt,-6.71,,
fda_1756.pdbqt,-7.16,,
fda_1757.pdbqt,-5.98,,
fda_1758.pdbqt,-7.54,,
fda_1759.pdbqt,-6.51,,
fda_1760.pdbqt,-5.95,,
fda_1761.pdbqt,-6.00,,
fda_1762.pdbqt,-7.16,,
fda_1763.pdbqt,-7.19,,
fda_1764.pdbqt,-6.67,,
fda_1765.pdbqt,-5.77,,
fda_1766.pdbqt,-7.31,,
fda_1767.pdbqt,-7.50 (invalid),,
fda_1768.pdbqt,-7.99,,
fda_1769.pdbqt,-8.71,-8.70,
fda_1770.pdbqt,-8.47,,
fda_1771.pdbqt,-5.38,,
fda_1772.pdbqt,-6.48,,
fda_1773.pdbqt,-6.60,,
fda_1774.pdbqt,-6.77,,
fda_1775.pdbqt,-3.24,,
fda_1776.pdbqt,-7.36 (invalid),,
fda_1777.pdbqt,-7.39,,
fda_1778.pdbqt,-5.62,,
fda_1779.pdbqt,-6.08,,
fda_1780.pdbqt,-7.60,,
fda_1781.pdbqt,-7.01,,
fda_1782.pdbqt,-6.35,,
fda_1783.pdbqt,-6.42,,
fda_1784.pdbqt,-5.99,,
fda_1785.pdbqt,-6.39,,
fda_1786.pdbqt,-6.15,,
fda_1787.pdbqt,-5.93,,
fda_1788.pdbqt,-7.71,,
fda_1789.pdbqt,-7.24,,
fda_1790.pdbqt,-8.06,,
fda_1791.pdbqt,-6.70 (invalid),,
fda_1792.pdbqt,-6.82,,
fda_1793.pdbqt,-5.89,,
fda_1794.pdbqt,-6.27,,
fda_1795.pdbqt,-6.91,,
fda_1796.pdbqt,-6.33,,
fda_1797.pdbqt,-5.59,,
fda_1798.pdbqt,-7.01,,
fda_1799.pdbqt,-5.92,,
fda_1800.pdbqt,-5.56,,
fda_1801.pdbqt,-6.01,,
fda_1802.pdbqt,-6.46,,
fda_1803.pdbqt,-6.19,,
fda_1804.pdbqt,-6.98,,
fda_1805.pdbqt,-6.07,,
fda_1806.pdbqt,-6.54,,
fda_1807.pdbqt,-7.51,,
fda_1808.pdbqt,-5.79,,
fda_1809.pdbqt,-6.68,,
fda_1810.pdbqt,-7.10 (invalid),,
fda_1811.pdbqt,-7.27,,
fda_1812.pdbqt,-7.43,,
fda_1813.pdbqt,-7.93,,
fda_1814.pdbqt,-7.06,,
fda_1815.pdbqt,-5.32,,
fda_1816.pdbqt,-7.28,,
fda_1817.pdbqt,-6.84,,
fda_1818.pdbqt,-7.32,,
fda_1819.pdbqt,-4.96,,
fda_1820.pdbqt,-6.37 (invalid),,
fda_1821.pdbqt,-6.30 (invalid),,
fda_1822.pdbqt,-7.92,,
fda_1823.pdbqt,-5.71,,
fda_1824.pdbqt,-7.27 (invalid),,
fda_1825.pdbqt,-7.07,,
fda_1826.pdbqt,-7.63,,
fda_1827.pdbqt,-7.51,,
fda_1828.pdbqt,-7.21,,
fda_1829.pdbqt,-6.33,,
fda_1830.pdbqt,-6.30,,
fda_1831.pdbqt,-5.96,,
fda_1832.pdbqt,-7.68,,
fda_1833.pdbqt,-6.50,,
fda_1834.pdbqt,-7.14,,
fda_1835.pdbqt,-5.63,,
fda_1836.pdbqt,-5.36,,
fda_1837.pdbqt,-5.02,,
fda_1838.pdbqt,-5.01,,
fda_1839.pdbqt,-3.87,,
fda_1840.pdbqt,-6.54,,
fda_1841.pdbqt,-4.85,,
fda_1842.pdbqt,-6.57,,
fda_1843.pdbqt,-6.48,,
fda_1844.pdbqt,-6.38,,
fda_1845.pdbqt,-6.25,,
fda_1846.pdbqt,-3.89,,
fda_1847.pdbqt,-5.84,,
fda_1848.pdbqt,-6.94,,
fda_1849.pdbqt,-7.08,,
fda_1850.pdbqt,-6.96 (invalid),,
fda_1851.pdbqt,-5.46,,
fda_1852.pdbqt,-6.35,,
fda_1853.pdbqt,-6.21,,
fda_1854.pdbqt,-6.34,,
fda_1855.pdbqt,-6.64 (invalid),,
fda_1856.pdbqt,-8.25,,
fda_1857.pdbqt,-7.67,,
fda_1858.pdbqt,-6.47 (invalid),,
fda_1859.pdbqt,-5.93,,
fda_1860.pdbqt,-6.59 (invalid),,
fda_1861.pdbqt,-5.23,,
fda_1862.pdbqt,-4.35,,
fda_1863.pdbqt,-8.67,-8.61,
fda_1864.pdbqt,-6.09 (invalid),,
fda_1865.pdbqt,-6.37,,
fda_1866.pdbqt,-5.77,,
fda_1867.pdbqt,-5.99,,
fda_1868.pdbqt,-8.18,,
fda_1869.pdbqt,-8.05,,
fda_1870.pdbqt,-4.58,,
fda_1871.pdbqt,-6.49,,
fda_1872.pdbqt,-6.12,,
fda_1873.pdbqt,-6.96,,
fda_1874.pdbqt,-7.14,,
fda_1875.pdbqt,-5.47,,
fda_1876.pdbqt,-6.20,,
fda_1877.pdbqt,-6.40 (invalid),,
fda_1878.pdbqt,-6.94,,
fda_1879.pdbqt,-6.19,,
fda_1880.pdbqt,-6.09,,
fda_1881.pdbqt,-6.26,,
fda_1882.pdbqt,-4.67,,
fda_1883.pdbqt,-7.56,,
fda_1884.pdbqt,-5.74,,
fda_1885.pdbqt,-4.66,,
fda_1886.pdbqt,-5.96,,
fda_1887.pdbqt,-7.04,,
fda_1888.pdbqt,-6.98,,
fda_1889.pdbqt,-6.79,,
fda_1890.pdbqt,-7.08,,
fda_1891.pdbqt,-7.22,,
fda_1892.pdbqt,-5.68 (invalid),,
fda_1893.pdbqt,-6.89,,
fda_1894.pdbqt,-7.10,,
fda_1895.pdbqt,-7.24,,
fda_1896.pdbqt,-6.33,,
fda_1897.pdbqt,-6.01 (invalid),,
fda_1898.pdbqt,-6.62,,
fda_1899.pdbqt,-6.00,,
fda_1900.pdbqt,-7.67,,
fda_1901.pdbqt,-6.57,,
fda_1902.pdbqt,-7.21,,
fda_1903.pdbqt,-4.66,,
fda_1904.pdbqt,-6.35,,
fda_1905.pdbqt,-6.55,,
fda_1906.pdbqt,-6.67,,
fda_1907.pdbqt,-7.45,,
fda_1908.pdbqt,-5.68,,
fda_1909.pdbqt,-7.17,,
fda_1910.pdbqt,-6.58,,
fda_1911.pdbqt,-7.08,,
fda_1912.pdbqt,-8.28,,
fda_1913.pdbqt,-5.86,,
fda_1914.pdbqt,-7.31,,
fda_1915.pdbqt,-7.36,,
fda_1916.pdbqt,-6.43,,
fda_1917.pdbqt,-7.14,,
fda_1918.pdbqt,-6.00,,
fda_1919.pdbqt,-5.96,,
fda_1920.pdbqt,-6.06,,
fda_1921.pdbqt,-4.85,,
fda_1922.pdbqt,-6.22,,
fda_1923.pdbqt,-6.55 (invalid),,
fda_1924.pdbqt,-6.66,,
fda_1925.pdbqt,-6.84,,
fda_1926.pdbqt,-5.79,,
fda_1927.pdbqt,-4.98,,
fda_1928.pdbqt,-6.94,,
fda_1929.pdbqt,-5.91,,
fda_1930.pdbqt,-5.00,,
fda_1931.pdbqt,-7.46,,
fda_1932.pdbqt,-7.05,,
fda_1933.pdbqt,-6.77,,
fda_1934.pdbqt,-6.69,,
fda_1935.pdbqt,-6.57,,
fda_1936.pdbqt,-6.22,,
fda_1937.pdbqt,-5.83,,
fda_1938.pdbqt,-6.84,,
fda_1939.pdbqt,-7.52,,
fda_1940.pdbqt,-7.61,,
fda_1941.pdbqt,-6.27,,
fda_1942.pdbqt,-5.41,,
fda_1943.pdbqt,-7.65,,
fda_1944.pdbqt,-6.93,,
fda_1945.pdbqt,-6.82,,
fda_1946.pdbqt,-5.09,,
fda_1947.pdbqt,-5.00,,
fda_1948.pdbqt,-6.95,,
fda_1949.pdbqt,-5.96,,
fda_1950.pdbqt,-6.63,,
fda_1951.pdbqt,-6.57,,
fda_1952.pdbqt,-6.33,,
fda_1953.pdbqt,-7.11,,
fda_1954.pdbqt,-6.25,,
fda_1955.pdbqt,-5.26,,
fda_1956.pdbqt,-6.84,,
fda_1957.pdbqt,-6.81,,
fda_1958.pdbqt,-7.11,,
fda_1959.pdbqt,-6.30,,
fda_1960.pdbqt,-6.37,,
fda_1961.pdbqt,-6.29,,
fda_1962.pdbqt,-6.48,,
fda_1963.pdbqt,-6.52,,
fda_1964.pdbqt,-5.96,,
fda_1965.pdbqt,-5.95,,
fda_1966.pdbqt,-6.55,,
fda_1967.pdbqt,-6.52,,
fda_1968.pdbqt,-7.08,,
fda_1969.pdbqt,-6.19,,
fda_1970.pdbqt,-6.39,,
fda_1971.pdbqt,-6.98,,
fda_1972.pdbqt,-9.16,-8.96,
fda_1973.pdbqt,-8.96,-8.97,
fda_1974.pdbqt,-9.83,-8.99,
fda_1975.pdbqt,-9.18,-8.95,
fda_1976.pdbqt,-8.75,-8.64,
fda_1977.pdbqt,-7.94,,
fda_1978.pdbqt,-8.79,-8.80,
fda_1979.pdbqt,-8.57,-8.63,
fda_1980.pdbqt,-6.44 (invalid),,
fda_1981.pdbqt,-6.80 (invalid),,
fda_1982.pdbqt,-6.21 (invalid),,
fda_1983.pdbqt,-6.82 (invalid),,
fda_1984.pdbqt,-2.37,,
fda_1985.pdbqt,-10.63,-10.49,-10.49
fda_1986.pdbqt,-7.28,,
fda_1987.pdbqt,-7.90 (invalid),,
fda_1988.pdbqt,-8.00,,
fda_1989.pdbqt,-7.56,,
fda_1990.pdbqt,-6.60,,
fda_1991.pdbqt,-7.02,,
fda_1992.pdbqt,-7.59,,
fda_1993.pdbqt,-6.54,,
fda_1994.pdbqt,-10.25 (invalid),,
fda_1995.pdbqt,-6.96,,
fda_1996.pdbqt,-6.15,,
fda_1997.pdbqt,-5.63,,
fda_1998.pdbqt,-5.76,,
fda_1999.pdbqt,-6.76,,
fda_2000.pdbqt,-5.53 (invalid),,
fda_2001.pdbqt,-5.54,,
fda_2002.pdbqt,-5.86,,
fda_2003.pdbqt,-5.60 (invalid),,
fda_2004.pdbqt,-8.81,-9.16,
fda_2005.pdbqt,-8.90,-8.92,
fda_2006.pdbqt,-10.22,-10.04 (invalid),
fda_2007.pdbqt,-8.97,-8.96,
fda_2008.pdbqt,-5.97,,
fda_2009.pdbqt,-4.84,,
fda_2010.pdbqt,-4.74,,
fda_2011.pdbqt,-4.82,,
fda_2012.pdbqt,-6.77,,
fda_2013.pdbqt,-6.97,,
fda_2014.pdbqt,-7.63,,
fda_2015.pdbqt,-7.03,,
fda_2016.pdbqt,-6.62,,
fda_2017.pdbqt,-6.44,,
fda_2018.pdbqt,-6.92,,
fda_2019.pdbqt,-6.47,,
fda_2020.pdbqt,-6.35,,
fda_2021.pdbqt,-6.63,,
fda_2022.pdbqt,-6.73,,
fda_2023.pdbqt,-7.58,,
fda_2024.pdbqt,-7.46,,
fda_2025.pdbqt,-8.22,,
fda_2026.pdbqt,-8.33,,
fda_2027.pdbqt,-6.65,,
fda_2028.pdbqt,-8.05,,
fda_2029.pdbqt,-6.56,,
fda_2030.pdbqt,-3.67,,
fda_2031.pdbqt,-8.19,,
fda_2032.pdbqt,-8.20,,
fda_2033.pdbqt,-8.47,,
fda_2034.pdbqt,-8.57,-8.56,
fda_2035.pdbqt,-6.31 (invalid),,
fda_2036.pdbqt,-6.89,,
fda_2037.pdbqt,-5.80 (invalid),,
fda_2038.pdbqt,-5.95,,
fda_2039.pdbqt,-6.10,,
fda_2040.pdbqt,-6.37,,
fda_2041.pdbqt,-6.25,,
fda_2042.pdbqt,-5.79,,
fda_2043.pdbqt,-6.28 (invalid),,
fda_2044.pdbqt,-6.32 (invalid),,
fda_2045.pdbqt,-5.93 (invalid),,
fda_2046.pdbqt,-5.82 (invalid),,
fda_2047.pdbqt,-8.15,,
fda_2048.pdbqt,-3.47,,
fda_2049.pdbqt,-8.70,-9.54,
fda_2050.pdbqt,-7.53,,
fda_2051.pdbqt,-7.52,,
fda_2052.pdbqt,-7.29,,
fda_2053.pdbqt,-7.03 (invalid),,
fda_2054.pdbqt,-5.79,,
fda_2055.pdbqt,-7.70 (invalid),,
fda_2056.pdbqt,-6.27 (invalid),,
fda_2057.pdbqt,-6.33 (invalid),,
fda_2058.pdbqt,-5.75 (invalid),,
fda_2059.pdbqt,-7.03 (invalid),,
fda_2060.pdbqt,-6.24 (invalid),,
fda_2061.pdbqt,-6.47 (invalid),,
fda_2062.pdbqt,-5.74,,
fda_2063.pdbqt,-7.00 (invalid),,
fda_2064.pdbqt,-6.24 (invalid),,
fda_2065.pdbqt,-6.81 (invalid),,
fda_2066.pdbqt,-7.40,,
fda_2067.pdbqt,-7.54,,
fda_2068.pdbqt,-8.16,,
fda_2069.pdbqt,-8.24,,
fda_2070.pdbqt,-7.82,,
fda_2071.pdbqt,-7.47,,
fda_2072.pdbqt,-7.53,,
fda_2073.pdbqt,-7.49,,
fda_2074.pdbqt,-7.80,,
fda_2075.pdbqt,-8.00,,
fda_2076.pdbqt,-7.08,,
fda_2077.pdbqt,-7.97,,
fda_2078.pdbqt,-8.41,,
fda_2079.pdbqt,-7.75,,
fda_2080.pdbqt,-6.71,,
fda_2081.pdbqt,-6.78,,
fda_2082.pdbqt,-7.02,,
fda_2083.pdbqt,-6.29,,
fda_2084.pdbqt,-6.94 (invalid),,
fda_2085.pdbqt,-5.79 (invalid),,
fda_2086.pdbqt,-6.91 (invalid),,
fda_2087.pdbqt,-6.00 (invalid),,
fda_2088.pdbqt,-4.92,,
fda_2089.pdbqt,-7.28,,
fda_2090.pdbqt,-7.41,,
fda_2091.pdbqt,-7.07,,
fda_2092.pdbqt,-7.27,,
fda_2093.pdbqt,-6.94,,
fda_2094.pdbqt,-7.21,,
fda_2095.pdbqt,-9.69,-9.73,
fda_2096.pdbqt,-9.46,-9.44,
fda_2097.pdbqt,-9.13,-9.24,
fda_2098.pdbqt,-8.68,-8.69,
fda_2099.pdbqt,-6.23 (invalid),,
fda_2100.pdbqt,-6.53 (invalid),,
fda_2101.pdbqt,-6.07,,
fda_2102.pdbqt,-5.86,,
fda_2103.pdbqt,-7.34,,
fda_2104.pdbqt,-6.11,,
fda_2105.pdbqt,-8.85,-8.84,
fda_2106.pdbqt,-6.88,,
fda_2107.pdbqt,-7.06,,
fda_2108.pdbqt,-8.41,,
fda_2109.pdbqt,-5.99 (invalid),,
fda_2110.pdbqt,-7.04 (invalid),,
fda_2111.pdbqt,-6.17 (invalid),,
fda_2112.pdbqt,-6.40 (invalid),,
fda_2113.pdbqt,-5.00,,
fda_2114.pdbqt,-7.59,,
fda_2115.pdbqt,-7.52,,
fda_2116.pdbqt,-7.77,,
fda_2117.pdbqt,-8.20,,
fda_2118.pdbqt,-7.32 (invalid),,
fda_2119.pdbqt,-7.34 (invalid),,
fda_2120.pdbqt,-7.73 (invalid),,
fda_2121.pdbqt,-7.35 (invalid),,
fda_2122.pdbqt,-7.61,,
fda_2123.pdbqt,-6.80,,
fda_2124.pdbqt,-7.00 (invalid),,
fda_2125.pdbqt,-4.12,,
fda_2126.pdbqt,-4.01,,
fda_2127.pdbqt,-3.86,,
fda_2128.pdbqt,-7.26,,
fda_2129.pdbqt,-6.11,,
fda_2130.pdbqt,-6.25,,
fda_2131.pdbqt,-6.93,,
fda_2132.pdbqt,-6.44,,
fda_2133.pdbqt,-6.27,,
fda_2134.pdbqt,-7.17,,
fda_2135.pdbqt,-6.72,,
fda_2136.pdbqt,-6.45,,
fda_2137.pdbqt,-5.29,,
fda_2138.pdbqt,-5.18,,
fda_2139.pdbqt,-5.48,,
fda_2140.pdbqt,-6.10,,
fda_2141.pdbqt,-5.99,,
fda_2142.pdbqt,-5.64,,
fda_2143.pdbqt,-4.27,,
fda_2144.pdbqt,-4.12,,
fda_2145.pdbqt,-4.97,,
fda_2146.pdbqt,-4.28 (invalid),,
fda_2147.pdbqt,-6.64,,
fda_2148.pdbqt,-6.48,,
fda_2149.pdbqt,-4.66,,
fda_2150.pdbqt,-4.38,,
fda_2151.pdbqt,-7.14,,
fda_2152.pdbqt,-7.65,,
fda_2153.pdbqt,-6.95,,
fda_2154.pdbqt,-8.11,,
fda_2155.pdbqt,-5.22,,
fda_2156.pdbqt,-5.91,,
fda_2157.pdbqt,-6.09,,
fda_2158.pdbqt,-7.02,,
fda_2159.pdbqt,-7.07,,
fda_2160.pdbqt,-6.69,,
fda_2161.pdbqt,-6.18,,
fda_2162.pdbqt,-7.15,,
fda_2163.pdbqt,-6.24,,
fda_2164.pdbqt,-7.15,,
fda_2165.pdbqt,-6.85,,
fda_2166.pdbqt,-6.18,,
fda_2167.pdbqt,-7.78,,
fda_2168.pdbqt,-4.91,,
fda_2169.pdbqt,-5.14,,
fda_2170.pdbqt,-7.94,,
fda_2171.pdbqt,-5.78,,
fda_2172.pdbqt,-7.45,,
fda_2173.pdbqt,-7.29,,
fda_2174.pdbqt,-6.77,,
fda_2175.pdbqt,-7.00,,
fda_2176.pdbqt,-6.90,,
fda_2177.pdbqt,-7.28,,
fda_2178.pdbqt,-8.14,,
fda_2179.pdbqt,-6.58,,
fda_2180.pdbqt,-5.97,,
fda_2181.pdbqt,-7.35,,
fda_2182.pdbqt,-7.70,,
fda_2183.pdbqt,-3.81,,
fda_2184.pdbqt,-6.79,,
fda_2185.pdbqt,-7.20,,
fda_2186.pdbqt,-4.25,,
fda_2187.pdbqt,-7.33,,
fda_2188.pdbqt,-4.03,,
fda_2189.pdbqt,-4.29 (invalid),,
fda_2190.pdbqt,-3.70,,
fda_2191.pdbqt,-5.78 (invalid),,
fda_2192.pdbqt,-6.07 (invalid),,
fda_2193.pdbqt,-7.61,,
fda_2194.pdbqt,-7.20 (invalid),,
fda_2195.pdbqt,-6.06,,
fda_2196.pdbqt,-6.22 (invalid),,
fda_2197.pdbqt,-6.14,,
fda_2198.pdbqt,-7.44,,
fda_2199.pdbqt,-5.36,,
fda_2200.pdbqt,-6.63,,
fda_2201.pdbqt,-8.41,,
fda_2202.pdbqt,-7.26,,
fda_2203.pdbqt,-6.50,,
fda_2204.pdbqt,-5.89 (invalid),,
fda_2205.pdbqt,-6.43,,
fda_2206.pdbqt,-6.59,,
fda_2207.pdbqt,-4.73,,
fda_2208.pdbqt,-7.94,,
fda_2209.pdbqt,-7.00,,
fda_2210.pdbqt,-4.19,,
fda_2211.pdbqt,-5.86,,
fda_2212.pdbqt,-7.35,,
fda_2213.pdbqt,-5.97,,
fda_2214.pdbqt,-7.74 (invalid),,
fda_2215.pdbqt,-6.57,,
fda_2216.pdbqt,-7.57,,
fda_2217.pdbqt,-6.98,,
fda_2218.pdbqt,-6.64,,
fda_2219.pdbqt,-6.96,,
fda_2220.pdbqt,-7.72,,
fda_2221.pdbqt,-6.58,,
fda_2222.pdbqt,-5.31,,
fda_2223.pdbqt,-5.68,,
fda_2224.pdbqt,-6.50,,
fda_2225.pdbqt,-8.45 (invalid),,
fda_2226.pdbqt,-8.27 (invalid),,
fda_2227.pdbqt,-8.48,,
fda_2228.pdbqt,-8.25,,
fda_2229.pdbqt,-4.20,,
fda_2230.pdbqt,-8.21,,
fda_2231.pdbqt,-7.93,,
fda_2232.pdbqt,-7.43,,
fda_2233.pdbqt,-7.29,,
fda_2234.pdbqt,-7.42,,
fda_2235.pdbqt,-7.57,,
fda_2236.pdbqt,-6.07,,
fda_2237.pdbqt,-5.98,,
fda_2238.pdbqt,-5.77,,
fda_2239.pdbqt,-7.06 (invalid),,
fda_2240.pdbqt,-6.62,,
fda_2241.pdbqt,-7.20,,
fda_2242.pdbqt,-7.01,,
fda_2243.pdbqt,-8.35,,
fda_2244.pdbqt,-7.92,,
fda_2245.pdbqt,-7.87,,
fda_2246.pdbqt,-8.04,,
fda_2247.pdbqt,-5.93,,
fda_2248.pdbqt,-6.62,,
fda_2249.pdbqt,-5.99,,
fda_2250.pdbqt,-8.00,,
fda_2251.pdbqt,-8.62,-8.60,
fda_2252.pdbqt,-8.22,,
fda_2253.pdbqt,-6.49,,
fda_2254.pdbqt,-6.65,,
fda_2255.pdbqt,-7.40,,
fda_2256.pdbqt,-7.29,,
fda_2257.pdbqt,-7.50,,
fda_2258.pdbqt,-7.63,,
fda_2259.pdbqt,-7.69,,
fda_2260.pdbqt,-6.46 (invalid),,
fda_2261.pdbqt,-5.78,,
fda_2262.pdbqt,-6.30,,
fda_2263.pdbqt,-6.17 (invalid),,
fda_2264.pdbqt,-7.65,,
fda_2265.pdbqt,-8.12,,
fda_2266.pdbqt,-8.07,,
fda_2267.pdbqt,-8.58,-8.55,
fda_2268.pdbqt,-7.54,,
fda_2269.pdbqt,-7.01,,
fda_2270.pdbqt,-8.20,,
fda_2271.pdbqt,-7.95,,
fda_2272.pdbqt,-7.18,,
fda_2273.pdbqt,-7.67,,
fda_2274.pdbqt,-7.53,,
fda_2275.pdbqt,-7.45,,
fda_2276.pdbqt,-7.67,,
fda_2277.pdbqt,-7.69,,
fda_2278.pdbqt,-7.38,,
fda_2279.pdbqt,-8.06,,
fda_2280.pdbqt,-8.34,,
fda_2281.pdbqt,-8.52,,
fda_2282.pdbqt,-8.62,-8.68,
fda_2283.pdbqt,-9.33,-9.33,
fda_2284.pdbqt,-7.87,,
fda_2285.pdbqt,-7.13,,
fda_2286.pdbqt,-5.15 (invalid),,
fda_2287.pdbqt,-6.25,,
fda_2288.pdbqt,-5.93,,
fda_2289.pdbqt,-4.94,,
fda_2290.pdbqt,-4.26,,
fda_2291.pdbqt,-4.38,,
fda_2292.pdbqt,-4.97,,
fda_2293.pdbqt,-4.05,,
fda_2294.pdbqt,-5.08,,
fda_2295.pdbqt,-4.29 (invalid),,
fda_2296.pdbqt,-4.45,,
fda_2297.pdbqt,-5.02,,
fda_2298.pdbqt,-4.64,,
fda_2299.pdbqt,-4.35,,
fda_2300.pdbqt,-5.16,,
fda_2301.pdbqt,-5.59,,
fda_2302.pdbqt,-5.69,,
fda_2303.pdbqt,-6.95,,
fda_2304.pdbqt,-6.44,,
fda_2305.pdbqt,-7.09,,
fda_2306.pdbqt,-7.99,,
fda_2307.pdbqt,-3.69,,
fda_2308.pdbqt,-6.51,,
fda_2309.pdbqt,-9.06,-9.08,
fda_2310.pdbqt,-7.43,,
fda_2311.pdbqt,-7.81,,
fda_2312.pdbqt,-7.28,,
fda_2313.pdbqt,-7.36,,
fda_2314.pdbqt,-5.78,,
fda_2315.pdbqt,-6.22,,
fda_2316.pdbqt,-6.67,,
fda_2317.pdbqt,-9.45,-9.18,
fda_2318.pdbqt,-7.73,,
fda_2319.pdbqt,-7.63,,
fda_2320.pdbqt,-7.86,,
fda_2321.pdbqt,-8.61,-8.78,
fda_2322.pdbqt,-8.09,,
fda_2323.pdbqt,-6.64 (invalid),,
fda_2324.pdbqt,-6.10,,
fda_2325.pdbqt,-7.58,,
fda_2326.pdbqt,-4.97,,
fda_2327.pdbqt,-6.69,,
fda_2328.pdbqt,-5.88,,
fda_2329.pdbqt,-6.78,,
fda_2330.pdbqt,-6.96,,
fda_2331.pdbqt,-6.21,,
fda_2332.pdbqt,-7.24,,
fda_2333.pdbqt,-7.48,,
fda_2334.pdbqt,-7.67,,
fda_2335.pdbqt,-8.18,,
fda_2336.pdbqt,-4.96,,
fda_2337.pdbqt,-7.38,,
fda_2338.pdbqt,-5.50,,
fda_2339.pdbqt,-7.40,,
fda_2340.pdbqt,-6.93,,
fda_2341.pdbqt,-6.94,,
fda_2342.pdbqt,-7.20,,
fda_2343.pdbqt,-5.87,,
fda_2344.pdbqt,-8.20,,
fda_2345.pdbqt,-8.34,,
fda_2346.pdbqt,-5.43,,
fda_2347.pdbqt,-7.18,,
fda_2348.pdbqt,-6.88,,
fda_2349.pdbqt,-7.61,,
fda_2350.pdbqt,-7.22,,
fda_2351.pdbqt,-7.79,,
fda_2352.pdbqt,-6.94,,
fda_2353.pdbqt,-7.23,,
fda_2354.pdbqt,-7.91,,
fda_2355.pdbqt,-6.06,,
fda_2356.pdbqt,-6.83,,
fda_2357.pdbqt,-7.94,,
fda_2358.pdbqt,-7.54,,
fda_2359.pdbqt,-6.05,,
fda_2360.pdbqt,-6.11,,
fda_2361.pdbqt,-6.73,,
fda_2362.pdbqt,-7.75,,
fda_2363.pdbqt,-8.37,,
fda_2364.pdbqt,-6.89,,
fda_2365.pdbqt,-8.16,,
fda_2366.pdbqt,-7.14,,
fda_2367.pdbqt,-6.28,,
fda_2368.pdbqt,-5.55,,
fda_2369.pdbqt,-5.18,,
fda_2370.pdbqt,-5.10,,
fda_2371.pdbqt,-5.32,,
fda_2372.pdbqt,-8.22,,
fda_2373.pdbqt,-7.83,,
fda_2374.pdbqt,-7.77,,
fda_2375.pdbqt,-4.63,,
fda_2376.pdbqt,-4.63,,
fda_2377.pdbqt,-6.09 (invalid),,
fda_2378.pdbqt,-6.35,,
fda_2379.pdbqt,-6.43,,
fda_2380.pdbqt,-7.24,,
fda_2381.pdbqt,-6.23 (invalid),,
fda_2382.pdbqt,-6.50,,
fda_2383.pdbqt,-6.78,,
fda_2384.pdbqt,-5.61 (invalid),,
fda_2385.pdbqt,-7.41,,
fda_2386.pdbqt,-6.89,,
fda_2387.pdbqt,-7.73,,
fda_2388.pdbqt,-6.95,,
fda_2389.pdbqt,-4.16,,
fda_2390.pdbqt,-8.48,,
fda_2391.pdbqt,-5.38,,
fda_2392.pdbqt,-4.56,,
fda_2393.pdbqt,-5.02,,
fda_2394.pdbqt,-5.81,,
fda_2395.pdbqt,-6.34,,
fda_2396.pdbqt,-5.34,,
fda_2397.pdbqt,-5.23,,
fda_2398.pdbqt,-6.19 (invalid),,
fda_2399.pdbqt,-5.54,,
fda_2400.pdbqt,-5.83,,
fda_2401.pdbqt,-7.20,,
fda_2402.pdbqt,-6.07,,
fda_2403.pdbqt,-5.83,,
fda_2404.pdbqt,-5.71,,
fda_2405.pdbqt,-6.64,,
fda_2406.pdbqt,-5.81,,
fda_2407.pdbqt,-4.12,,
fda_2408.pdbqt,-5.32,,
fda_2409.pdbqt,-4.89,,
fda_2410.pdbqt,-4.59,,
fda_2411.pdbqt,-5.47,,
fda_2412.pdbqt,-5.41,,
fda_2413.pdbqt,-4.12,,
fda_2414.pdbqt,-7.62,,
fda_2415.pdbqt,-5.55 (invalid),,
fda_2416.pdbqt,-5.83,,
fda_2417.pdbqt,-5.63 (invalid),,
fda_2418.pdbqt,-5.84 (invalid),,
fda_2419.pdbqt,-6.74,,
fda_2420.pdbqt,-7.58,,
fda_2421.pdbqt,-6.80,,
fda_2422.pdbqt,-7.26,,
fda_2423.pdbqt,-7.25,,
fda_2424.pdbqt,-6.00,,
fda_2425.pdbqt,-8.16,,
fda_2426.pdbqt,-8.28,,
fda_2427.pdbqt,-8.22,,
fda_2428.pdbqt,-8.37,,
fda_2429.pdbqt,-6.58,,
fda_2430.pdbqt,-8.16,,
fda_2431.pdbqt,-8.31,,
fda_2432.pdbqt,-7.75,,
fda_2433.pdbqt,-7.91,,
fda_2434.pdbqt,-8.14,,
fda_2435.pdbqt,-7.95,,
fda_2436.pdbqt,-7.88,,
fda_2437.pdbqt,-8.54,,
fda_2438.pdbqt,-8.04,,
fda_2439.pdbqt,-6.72,,
fda_2440.pdbqt,-7.18,,
fda_2441.pdbqt,-8.02,,
fda_2442.pdbqt,-8.05,,
fda_2443.pdbqt,-8.48,,
fda_2444.pdbqt,-7.41,,
fda_2445.pdbqt,-5.92,,
fda_2446.pdbqt,-5.71,,
fda_2447.pdbqt,-5.85,,
fda_2448.pdbqt,-6.15,,
fda_2449.pdbqt,-7.50,,
fda_2450.pdbqt,-7.30,,
fda_2451.pdbqt,-7.09,,
fda_2452.pdbqt,-7.98,,
fda_2453.pdbqt,-8.03,,
fda_2454.pdbqt,-7.73,,
fda_2455.pdbqt,-7.73,,
fda_2456.pdbqt,-7.19,,
fda_2457.pdbqt,-7.14,,
fda_2458.pdbqt,-7.28,,
fda_2459.pdbqt,-8.44,,
fda_2460.pdbqt,-8.66,-8.66,
fda_2461.pdbqt,-8.52,,
fda_2462.pdbqt,-8.18,,
fda_2463.pdbqt,-7.91,,
fda_2464.pdbqt,-7.97 (invalid),,
fda_2465.pdbqt,-7.65,,
fda_2466.pdbqt,-7.71,,
fda_2467.pdbqt,-7.92,,
fda_2468.pdbqt,-7.84,,
fda_2469.pdbqt,-7.88,,
fda_2470.pdbqt,-6.61,,
fda_2471.pdbqt,-6.85,,
fda_2472.pdbqt,-6.86,,
fda_2473.pdbqt,-6.92,,
fda_2474.pdbqt,-6.92,,
fda_2475.pdbqt,-6.90,,
fda_2476.pdbqt,-7.96,,
fda_2477.pdbqt,-8.14,,
fda_2478.pdbqt,-8.06,,
fda_2479.pdbqt,-8.10,,
fda_2480.pdbqt,-7.32,,
fda_2481.pdbqt,-8.32,,
fda_2482.pdbqt,-8.42,,
fda_2483.pdbqt,-6.35,,
fda_2484.pdbqt,-6.31,,
fda_2485.pdbqt,-6.60,,
fda_2486.pdbqt,-5.94 (invalid),,
fda_2487.pdbqt,-6.69 (invalid),,
fda_2488.pdbqt,-6.56 (invalid),,
fda_2489.pdbqt,-6.98,,
fda_2490.pdbqt,-6.57,,
fda_2491.pdbqt,-6.82,,
fda_2492.pdbqt,-6.75,,
fda_2493.pdbqt,-7.23,,
fda_2494.pdbqt,-7.14,,
fda_2495.pdbqt,-7.59,,
fda_2496.pdbqt,-7.36,,
fda_2497.pdbqt,-7.07,,
fda_2498.pdbqt,-7.57,,
fda_2499.pdbqt,-7.58,,
fda_2500.pdbqt,-7.70,,
fda_2501.pdbqt,-7.69,,
fda_2502.pdbqt,-7.73,,
fda_2503.pdbqt,-7.40,,
fda_2504.pdbqt,-6.52,,
fda_2505.pdbqt,-7.90,,
fda_2506.pdbqt,-6.13,,
fda_2507.pdbqt,-5.09,,
fda_2508.pdbqt,-4.89,,
fda_2509.pdbqt,-4.63,,
fda_2510.pdbqt,-4.79,,
fda_2511.pdbqt,-4.55,,
fda_2512.pdbqt,-6.16,,
fda_2513.pdbqt,-8.51,,
fda_2514.pdbqt,-7.30,,
fda_2515.pdbqt,-7.24,,
fda_2516.pdbqt,-7.46,,
fda_2517.pdbqt,-5.74,,
fda_2518.pdbqt,-8.04,,
fda_2519.pdbqt,-8.04,,
fda_2520.pdbqt,-9.10,-9.08,
fda_2521.pdbqt,-9.27,-9.27,
fda_2522.pdbqt,-6.74,,
fda_2523.pdbqt,-7.15,,
fda_2524.pdbqt,-7.05,,
fda_2525.pdbqt,-6.64,,
fda_2526.pdbqt,-6.34,,
fda_2527.pdbqt,-7.64,,
fda_2528.pdbqt,-7.50 (invalid),,
fda_2529.pdbqt,-8.27,,
fda_2530.pdbqt,-8.19,,
fda_2531.pdbqt,-8.13,,
fda_2532.pdbqt,-5.96 (invalid),,
fda_2533.pdbqt,-6.37,,
fda_2534.pdbqt,-6.28,,
fda_2535.pdbqt,-6.06,,
fda_2536.pdbqt,-6.94,,
fda_2537.pdbqt,-6.29 (invalid),,
fda_2538.pdbqt,-6.57,,
fda_2539.pdbqt,-6.30,,
fda_2540.pdbqt,-6.01,,
fda_2541.pdbqt,-6.15 (invalid),,
fda_2542.pdbqt,-6.99,,
fda_2543.pdbqt,-7.02 (invalid),,
fda_2544.pdbqt,-7.02,,
fda_2545.pdbqt,-7.63,,
fda_2546.pdbqt,-8.16,,
fda_2547.pdbqt,-8.03,,
fda_2548.pdbqt,-7.87,,
fda_2549.pdbqt,-7.09,,
fda_2550.pdbqt,-8.08,,
fda_2551.pdbqt,-8.50,,
fda_2552.pdbqt,-7.66,,
fda_2553.pdbqt,-7.29,,
fda_2554.pdbqt,-7.45,,
fda_2555.pdbqt,-7.59,,
fda_2556.pdbqt,-7.98,,
fda_2557.pdbqt,-7.92,,
fda_2558.pdbqt,-7.79,,
fda_2559.pdbqt,-8.69,-8.64,
fda_2560.pdbqt,-7.80,,
fda_2561.pdbqt,-8.13,,
fda_2562.pdbqt,-7.72,,
fda_2563.pdbqt,-7.76,,
fda_2564.pdbqt,-7.39,,
fda_2565.pdbqt,-7.79,,
fda_2566.pdbqt,-7.87,,
fda_2567.pdbqt,-7.84,,
fda_2568.pdbqt,-7.79,,
fda_2569.pdbqt,-7.92,,
fda_2570.pdbqt,-8.06,,
fda_2571.pdbqt,-7.63,,
fda_2572.pdbqt,-7.15,,
fda_2573.pdbqt,-7.45,,
fda_2574.pdbqt,-7.98,,
fda_2575.pdbqt,-8.76,-8.73 (invalid),
fda_2576.pdbqt,-7.89,,
fda_2577.pdbqt,-8.11,,
fda_2578.pdbqt,-8.61,-8.49 (invalid),
fda_2579.pdbqt,-6.41,,
fda_2580.pdbqt,-8.56,,
fda_2581.pdbqt,-8.47,,
fda_2582.pdbqt,-8.54,,
fda_2583.pdbqt,-8.80,-8.75 (invalid),
fda_2584.pdbqt,-6.28,,
fda_2585.pdbqt,-7.47,,
fda_2586.pdbqt,-8.87,-8.86,
fda_2587.pdbqt,-7.56,,
fda_2588.pdbqt,-6.51,,
fda_2589.pdbqt,-6.78,,
fda_2590.pdbqt,-6.75,,
fda_2591.pdbqt,-7.09,,
fda_2592.pdbqt,-6.71,,
fda_2593.pdbqt,-6.68,,
fda_2594.pdbqt,-8.62,-8.59,
fda_2595.pdbqt,-8.26,,
fda_2596.pdbqt,-8.12,,
fda_2597.pdbqt,-7.83,,
fda_2598.pdbqt,-8.39,,
fda_2599.pdbqt,-8.09,,
fda_2600.pdbqt,-8.13,,
fda_2601.pdbqt,-7.77,,
fda_2602.pdbqt,-8.50,,
fda_2603.pdbqt,-7.42,,
fda_2604.pdbqt,-8.22,,
fda_2605.pdbqt,-8.01,,
fda_2606.pdbqt,-7.45,,
fda_2607.pdbqt,-7.02,,
fda_2608.pdbqt,-7.09,,
fda_2609.pdbqt,-7.12,,
fda_2610.pdbqt,-7.09,,
fda_2611.pdbqt,-6.59,,
fda_2612.pdbqt,-6.11,,
fda_2613.pdbqt,-7.13,,
fda_2614.pdbqt,-7.52,,
fda_2615.pdbqt,-7.20,,
fda_2616.pdbqt,-7.01,,
fda_2617.pdbqt,-7.18,,
fda_2618.pdbqt,-7.82,,
fda_2619.pdbqt,-7.62,,
fda_2620.pdbqt,-7.54,,
fda_2621.pdbqt,-6.80 (invalid),,
fda_2622.pdbqt,-6.98 (invalid),,
fda_2623.pdbqt,-7.02 (invalid),,
fda_2624.pdbqt,-7.40,,
fda_2625.pdbqt,-7.46,,
fda_2626.pdbqt,-7.07,,
fda_2627.pdbqt,-7.62,,
fda_2628.pdbqt,-8.65,-8.60,
fda_2629.pdbqt,-8.32,,
fda_2630.pdbqt,-7.34,,
fda_2631.pdbqt,-7.52,,
fda_2632.pdbqt,-8.87,-8.84,
fda_2633.pdbqt,-8.86,-8.86,
fda_2634.pdbqt,-7.30,,
fda_2635.pdbqt,-8.07,,
fda_2636.pdbqt,-6.99,,
fda_2637.pdbqt,-7.13,,
fda_2638.pdbqt,-7.80,,
fda_2639.pdbqt,-7.87,,
fda_2640.pdbqt,-6.83,,
fda_2641.pdbqt,-7.55,,
fda_2642.pdbqt,-7.28,,
fda_2643.pdbqt,-8.07,,
fda_2644.pdbqt,-8.46 (invalid),,
fda_2645.pdbqt,-9.20 (invalid),,
fda_2646.pdbqt,-7.96,,
fda_2647.pdbqt,-8.13,,
fda_2648.pdbqt,-6.29,,
fda_2649.pdbqt,-6.44,,
fda_2650.pdbqt,-6.12,,
fda_2651.pdbqt,-6.52,,
fda_2652.pdbqt,-8.06,,
fda_2653.pdbqt,-8.34,,
fda_2654.pdbqt,-8.32,,
fda_2655.pdbqt,-8.48,,
fda_2656.pdbqt,-7.13,,
fda_2657.pdbqt,-8.41,,
fda_2658.pdbqt,-7.60,,
fda_2659.pdbqt,-7.87,,
fda_2660.pdbqt,-7.98,,
fda_2661.pdbqt,-7.02,,
fda_2662.pdbqt,-6.73,,
fda_2663.pdbqt,-7.26,,
fda_2664.pdbqt,-8.84,-8.82,
fda_2665.pdbqt,-8.67,-8.66,
fda_2666.pdbqt,-7.95,,
fda_2667.pdbqt,-8.21,,
fda_2668.pdbqt,-8.39,,
fda_2669.pdbqt,-8.44,,
fda_2670.pdbqt,-8.16,,
fda_2671.pdbqt,-7.80,,
fda_2672.pdbqt,-6.77,,
fda_2673.pdbqt,-6.68,,
fda_2674.pdbqt,-4.34 (invalid),,
fda_2675.pdbqt,-5.33 (invalid),,
fda_2676.pdbqt,-7.07,,
fda_2677.pdbqt,-6.27 (invalid),,
fda_2678.pdbqt,-5.65,,
fda_2679.pdbqt,-5.61,,
fda_2680.pdbqt,-5.53 (invalid),,
fda_2681.pdbqt,-7.67 (invalid),,
fda_2682.pdbqt,-7.84,,
fda_2683.pdbqt,-7.51,,
fda_2684.pdbqt,-6.44,,
fda_2685.pdbqt,-6.82,,
fda_2686.pdbqt,-8.85,-9.02,
fda_2687.pdbqt,-8.44,,
fda_2688.pdbqt,-7.13,,
fda_2689.pdbqt,-7.93,,
fda_2690.pdbqt,-7.31,,
fda_2691.pdbqt,-6.80,,
fda_2692.pdbqt,-6.39,,
fda_2693.pdbqt,-7.77,,
fda_2694.pdbqt,-5.72,,
fda_2695.pdbqt,-6.10,,
fda_2696.pdbqt,-8.09 (invalid),,
fda_2697.pdbqt,-8.28,,
fda_2698.pdbqt,-7.94,,
fda_2699.pdbqt,-8.08,,
fda_2700.pdbqt,-8.66,-8.66,
fda_2701.pdbqt,-8.17,,
fda_2702.pdbqt,-8.10,,
fda_2703.pdbqt,-8.09,,
fda_2704.pdbqt,-7.82,,
fda_2705.pdbqt,-7.64,,
fda_2706.pdbqt,-7.44,,
fda_2707.pdbqt,-8.50,,
fda_2708.pdbqt,-8.31,,
fda_2709.pdbqt,-7.84,,
fda_2710.pdbqt,-7.92,,
fda_2711.pdbqt,-7.22 (invalid),,
fda_2712.pdbqt,-7.25 (invalid),,
fda_2713.pdbqt,-7.49,,
fda_2714.pdbqt,-7.58,,
fda_2715.pdbqt,-9.07,-9.03,
fda_2716.pdbqt,-8.36,,
fda_2717.pdbqt,-7.78,,
fda_2718.pdbqt,-7.45,,
fda_2719.pdbqt,-6.93,,
fda_2720.pdbqt,-6.22,,
fda_2721.pdbqt,-5.87,,
fda_2722.pdbqt,-6.17,,
fda_2723.pdbqt,-5.98,,
fda_2724.pdbqt,-6.67,,
fda_2725.pdbqt,-7.39,,
fda_2726.pdbqt,-7.45,,
fda_2727.pdbqt,-7.80,,
fda_2728.pdbqt,-7.00,,
fda_2729.pdbqt,-8.45,,
fda_2730.pdbqt,-8.36,,
fda_2731.pdbqt,-8.45,,
fda_2732.pdbqt,-8.28,,
fda_2733.pdbqt,-7.79,,
fda_2734.pdbqt,-7.53,,
fda_2735.pdbqt,-7.50,,
fda_2736.pdbqt,-8.70,-8.68,
fda_2737.pdbqt,-7.77,,
fda_2738.pdbqt,-9.19,-9.18,
fda_2739.pdbqt,-8.87,-8.72,
fda_2740.pdbqt,-7.44,,
fda_2741.pdbqt,-8.39,,
fda_2742.pdbqt,-9.31,-9.24,
fda_2743.pdbqt,-8.64,-8.61,
fda_2744.pdbqt,-9.06,-9.02,
fda_2745.pdbqt,-9.21,-9.19,
fda_2746.pdbqt,-7.56,,
fda_2747.pdbqt,-8.13,,
fda_2748.pdbqt,-7.47,,
fda_2749.pdbqt,-7.79,,
fda_2750.pdbqt,-7.75,,
fda_2751.pdbqt,-8.26,,
fda_2752.pdbqt,-7.07 (invalid),,
fda_2753.pdbqt,-7.19,,
fda_2754.pdbqt,-6.21 (invalid),,
fda_2755.pdbqt,-7.96,,
fda_2756.pdbqt,-7.74,,
fda_2757.pdbqt,-7.73,,
fda_2758.pdbqt,-8.68,-8.72,
fda_2759.pdbqt,-8.52,,
fda_2760.pdbqt,-7.72,,
fda_2761.pdbqt,-7.79,,
fda_2762.pdbqt,-7.15,,
fda_2763.pdbqt,-7.23,,
fda_2764.pdbqt,-4.51,,
fda_2765.pdbqt,-6.92,,
fda_2766.pdbqt,-6.33,,
fda_2767.pdbqt,-5.43,,
fda_2768.pdbqt,-5.56 (invalid),,
fda_2769.pdbqt,-4.71 (invalid),,
fda_2770.pdbqt,-6.95,,
fda_2771.pdbqt,-6.74,,
fda_2772.pdbqt,-7.05,,
fda_2773.pdbqt,-6.61 (invalid),,
fda_2774.pdbqt,-7.42,,
fda_2775.pdbqt,-8.50,,
fda_2776.pdbqt,-7.77,,
fda_2777.pdbqt,-7.62,,
fda_2778.pdbqt,-7.64,,
fda_2779.pdbqt,-7.54,,
fda_2780.pdbqt,-7.35,,
fda_2781.pdbqt,-7.32,,
fda_2782.pdbqt,-7.05,,
fda_2783.pdbqt,-7.38,,
fda_2784.pdbqt,-4.06 (invalid),,
fda_2785.pdbqt,-4.12 (invalid),,
fda_2786.pdbqt,-7.78,,
fda_2787.pdbqt,-4.94 (invalid),,
fda_2788.pdbqt,-6.77,,
fda_2789.pdbqt,-6.66,,
fda_2790.pdbqt,-6.40,,
fda_2791.pdbqt,-7.60,,
fda_2792.pdbqt,-6.79,,
fda_2793.pdbqt,-6.78,,
fda_2794.pdbqt,-8.14,,
fda_2795.pdbqt,-4.88 (invalid),,
fda_2796.pdbqt,-6.33,,
fda_2797.pdbqt,-7.12,,
fda_2798.pdbqt,-8.64 (invalid),,
fda_2799.pdbqt,-8.12,,
fda_2800.pdbqt,-8.21,,
fda_2801.pdbqt,-8.18,,
fda_2802.pdbqt,-5.86,,
fda_2803.pdbqt,-5.90,,
fda_2804.pdbqt,-6.63 (invalid),,
fda_2805.pdbqt,-7.44 (invalid),,
fda_2806.pdbqt,-5.93,,
fda_2807.pdbqt,-6.92 (invalid),,
fda_2808.pdbqt,-7.99,,
fda_2809.pdbqt,-7.47,,
fda_2810.pdbqt,-5.08,,
fda_2811.pdbqt,-5.62,,
fda_2812.pdbqt,-7.51,,
fda_2813.pdbqt,-8.42,,
fda_2814.pdbqt,-8.15,,
fda_2815.pdbqt,-7.50,,
fda_2816.pdbqt,-8.41,,
fda_2817.pdbqt,-7.83,,
fda_2818.pdbqt,-5.19,,
fda_2819.pdbqt,-5.37,,
fda_2820.pdbqt,-5.22,,
fda_2821.pdbqt,-5.38,,
fda_2822.pdbqt,-6.84,,
fda_2823.pdbqt,-7.00 (invalid),,
fda_2824.pdbqt,-7.22,,
fda_2825.pdbqt,-7.83,,
fda_2826.pdbqt,-5.88,,
fda_2827.pdbqt,-7.43,,
fda_2828.pdbqt,-7.16,,
fda_2829.pdbqt,-7.23,,
fda_2830.pdbqt,-8.12 (invalid),,
fda_2831.pdbqt,-7.56,,
fda_2832.pdbqt,-6.54,,
fda_2833.pdbqt,-4.70,,
fda_2834.pdbqt,-5.80,,
fda_2835.pdbqt,-6.19,,
fda_2836.pdbqt,-5.15,,
fda_2837.pdbqt,-4.33,,
fda_2838.pdbqt,-6.01,,
fda_2839.pdbqt,-8.91,-8.75 (invalid),
fda_2840.pdbqt,-7.23,,
fda_2841.pdbqt,-7.58 (invalid),,
fda_2842.pdbqt,-5.11,,
fda_2843.pdbqt,-8.05,,
fda_2844.pdbqt,-7.52,,
fda_2845.pdbqt,-7.66,,
fda_2846.pdbqt,-7.71,,
fda_2847.pdbqt,-7.85,,
fda_2848.pdbqt,-6.04,,
fda_2849.pdbqt,-6.17,,
fda_2850.pdbqt,-5.98,,
fda_2851.pdbqt,-5.74,,
fda_2852.pdbqt,-6.04,,
fda_2853.pdbqt,-7.58,,
fda_2854.pdbqt,-7.03,,
fda_2855.pdbqt,-7.11,,
fda_2856.pdbqt,-7.67,,
fda_2857.pdbqt,-7.76,,
fda_2858.pdbqt,-6.24,,
fda_2859.pdbqt,-6.20,,
fda_2860.pdbqt,-6.25 (invalid),,
fda_2861.pdbqt,-8.08,,
fda_2862.pdbqt,-7.69,,
fda_2863.pdbqt,-5.08 (invalid),,
fda_2864.pdbqt,-5.39,,
fda_2865.pdbqt,-5.14,,
fda_2866.pdbqt,-5.05,,
fda_2867.pdbqt,-8.29,,
fda_2868.pdbqt,-7.57,,
fda_2869.pdbqt,-7.68,,
fda_2870.pdbqt,-8.01,,
fda_2871.pdbqt,-5.68,,
fda_2872.pdbqt,-5.93 (invalid),,
fda_2873.pdbqt,-5.61 (invalid),,
fda_2874.pdbqt,-5.67,,
fda_2875.pdbqt,-6.32,,
fda_2876.pdbqt,-7.14,,
fda_2877.pdbqt,-7.88,,
fda_2878.pdbqt,-6.61,,
fda_2879.pdbqt,-6.91 (invalid),,
fda_2880.pdbqt,-8.07,,
fda_2881.pdbqt,-7.98,,
fda_2882.pdbqt,-8.19,,
fda_2883.pdbqt,-8.06,,
fda_2884.pdbqt,-7.50,,
fda_2885.pdbqt,-7.45,,
fda_2886.pdbqt,-8.20,,
fda_2887.pdbqt,-6.87,,
fda_2888.pdbqt,-7.41,,
fda_2889.pdbqt,-7.73,,
fda_2890.pdbqt,-7.74,,
fda_2891.pdbqt,-7.47,,
fda_2892.pdbqt,-6.28,,
fda_2893.pdbqt,-6.42,,
fda_2894.pdbqt,-6.14,,
fda_2895.pdbqt,-5.98,,
fda_2896.pdbqt,-5.73,,
fda_2897.pdbqt,-6.30,,
fda_2898.pdbqt,-5.96 (invalid),,
fda_2899.pdbqt,-6.05 (invalid),,
fda_2900.pdbqt,-7.62,,
fda_2901.pdbqt,-5.01,,
fda_2902.pdbqt,-4.98 (invalid),,
fda_2903.pdbqt,-5.25 (invalid),,
fda_2904.pdbqt,-5.49,,
fda_2905.pdbqt,-4.58,,
fda_2906.pdbqt,-5.35,,
fda_2907.pdbqt,-5.66,,
fda_2908.pdbqt,-5.04,,
fda_2909.pdbqt,-4.92,,
fda_2910.pdbqt,-5.77,,
fda_2911.pdbqt,-6.43,,
fda_2912.pdbqt,-6.02,,
fda_2913.pdbqt,-5.01,,
fda_2914.pdbqt,-5.85 (invalid),,
fda_2915.pdbqt,-4.67,,
fda_2916.pdbqt,-5.65 (invalid),,
fda_2917.pdbqt,-5.31,,
fda_2918.pdbqt,-5.86,,
fda_2919.pdbqt,-6.16,,
fda_2920.pdbqt,-4.53,,
fda_2921.pdbqt,-5.09,,
fda_2922.pdbqt,-4.43,,
fda_2923.pdbqt,-5.34,,
fda_2924.pdbqt,-5.25 (invalid),,
fda_2925.pdbqt,-4.98,,
fda_2926.pdbqt,-6.02,,
fda_2927.pdbqt,-4.81,,
fda_2928.pdbqt,-6.19,,
fda_2929.pdbqt,-4.92,,
fda_2930.pdbqt,-6.07,,
fda_2931.pdbqt,-7.46,,
fda_2932.pdbqt,-6.03,,
fda_2933.pdbqt,-4.99 (invalid),,
fda_2934.pdbqt,-4.26,,
fda_2935.pdbqt,-4.47,,
fda_2936.pdbqt,-4.82,,
fda_2937.pdbqt,-6.06,,
fda_2938.pdbqt,-4.74,,
fda_2939.pdbqt,-4.79,,
fda_2940.pdbqt,-5.30 (invalid),,
fda_2941.pdbqt,-5.20 (invalid),,
fda_2942.pdbqt,-7.25,,
fda_2943.pdbqt,-5.48,,
fda_2944.pdbqt,-6.12,,
fda_2945.pdbqt,-4.53,,
fda_2946.pdbqt,-5.40,,
fda_2947.pdbqt,-5.31,,
fda_2948.pdbqt,-4.61,,
fda_2949.pdbqt,-5.89,,
fda_2950.pdbqt,-5.24,,
fda_2951.pdbqt,-6.77,,
fda_2952.pdbqt,-4.79,,
fda_2953.pdbqt,-5.12,,
fda_2954.pdbqt,-5.57 (invalid),,
fda_2955.pdbqt,-6.65,,
fda_2956.pdbqt,-4.69,,
fda_2957.pdbqt,-4.73,,
fda_2958.pdbqt,-6.08,,
fda_2959.pdbqt,-5.94,,
fda_2960.pdbqt,-5.84,,
fda_2961.pdbqt,-5.18,,
fda_2962.pdbqt,-5.93,,
fda_2963.pdbqt,-5.27,,
fda_2964.pdbqt,-6.33 (invalid),,
fda_2965.pdbqt,-6.99 (invalid),,
fda_2966.pdbqt,-5.98,,
fda_2967.pdbqt,-5.00,,
fda_2968.pdbqt,-5.44 (invalid),,
fda_2969.pdbqt,-5.36,,
fda_2970.pdbqt,-5.41 (invalid),,
fda_2971.pdbqt,-5.80,,
fda_2972.pdbqt,-5.43,,
fda_2973.pdbqt,-5.92,,
fda_2974.pdbqt,-5.98,,
fda_2975.pdbqt,-5.44,,
fda_2976.pdbqt,-5.57 (invalid),,
fda_2977.pdbqt,-5.54,,
fda_2978.pdbqt,-6.03,,
fda_2979.pdbqt,-6.63,,
fda_2980.pdbqt,-6.00 (invalid),,
fda_2981.pdbqt,-5.90 (invalid),,
fda_2982.pdbqt,-5.94,,
fda_2983.pdbqt,-6.09,,
fda_2984.pdbqt,-5.25 (invalid),,
fda_2985.pdbqt,-5.14,,
fda_2986.pdbqt,-5.09,,
fda_2987.pdbqt,-5.31 (invalid),,
fda_2988.pdbqt,-5.37,,
fda_2989.pdbqt,-5.48,,
fda_2990.pdbqt,-5.45,,
fda_2991.pdbqt,-5.77,,
fda_2992.pdbqt,-4.86,,
fda_2993.pdbqt,-4.63,,
fda_2994.pdbqt,-5.42,,
fda_2995.pdbqt,-5.40 (invalid),,
fda_2996.pdbqt,-5.56,,
fda_2997.pdbqt,-5.48,,
fda_2998.pdbqt,-5.43,,
fda_2999.pdbqt,-5.31,,
fda_3000.pdbqt,-5.09,,
fda_3001.pdbqt,-6.84,,
fda_3002.pdbqt,-5.15,,
fda_3003.pdbqt,-5.20,,
fda_3004.pdbqt,-4.58,,
fda_3005.pdbqt,-5.33,,
fda_3006.pdbqt,-4.75,,
fda_3007.pdbqt,-4.51,,
fda_3008.pdbqt,-5.39,,
fda_3009.pdbqt,-5.61,,
fda_3010.pdbqt,-6.48,,
fda_3011.pdbqt,-6.59,,
fda_3012.pdbqt,-7.12,,
fda_3013.pdbqt,-7.43,,
fda_3014.pdbqt,-7.23,,
fda_3015.pdbqt,-6.95,,
fda_3016.pdbqt,-7.46,,
fda_3017.pdbqt,-7.93,,
fda_3018.pdbqt,-7.38,,
fda_3019.pdbqt,-7.06,,
fda_3020.pdbqt,-7.60,,
fda_3021.pdbqt,-7.49,,
fda_3022.pdbqt,-6.04,,
fda_3023.pdbqt,-6.10,,
fda_3024.pdbqt,-6.60 (invalid),,
fda_3025.pdbqt,-6.34 (invalid),,
fda_3026.pdbqt,-6.38,,
fda_3027.pdbqt,-6.42,,
fda_3028.pdbqt,-7.19 (invalid),,
fda_3029.pdbqt,-6.96,,
fda_3030.pdbqt,-5.28 (invalid),,
fda_3031.pdbqt,-5.43,,
fda_3032.pdbqt,-7.28,,
fda_3033.pdbqt,-7.55,,
fda_3034.pdbqt,-7.28,,
fda_3035.pdbqt,-7.83,,
fda_3036.pdbqt,-6.32 (invalid),,
fda_3037.pdbqt,-6.03 (invalid),,
fda_3038.pdbqt,-6.29,,
fda_3039.pdbqt,-8.12,,
fda_3040.pdbqt,-8.31,,
fda_3041.pdbqt,-7.89,,
fda_3042.pdbqt,-8.53,,
fda_3043.pdbqt,-8.43,,
fda_3044.pdbqt,-7.67,,
fda_3045.pdbqt,-8.22,,
fda_3046.pdbqt,-8.10,,
fda_3047.pdbqt,-5.47,,
fda_3048.pdbqt,-5.66,,
fda_3049.pdbqt,-5.91,,
fda_3050.pdbqt,-5.89,,
fda_3051.pdbqt,-6.78,,
fda_3052.pdbqt,-6.97,,
fda_3053.pdbqt,-6.79 (invalid),,
fda_3054.pdbqt,-7.59,,
fda_3055.pdbqt,-7.46,,
fda_3056.pdbqt,-7.16,,
fda_3057.pdbqt,-7.24,,
fda_3058.pdbqt,-4.74,,
fda_3059.pdbqt,-4.04,,
fda_3060.pdbqt,-4.33,,
fda_3061.pdbqt,-4.14,,
fda_3062.pdbqt,-7.68,,
fda_3063.pdbqt,-7.70,,
fda_3064.pdbqt,-7.73,,
fda_3065.pdbqt,-7.53,,
fda_3066.pdbqt,-7.28,,
fda_3067.pdbqt,-7.34,,
fda_3068.pdbqt,-7.81,,
fda_3069.pdbqt,-6.89,,
fda_3070.pdbqt,-6.54,,
fda_3071.pdbqt,-6.11,,
fda_3072.pdbqt,-7.29,,
fda_3073.pdbqt,-7.06,,
fda_3074.pdbqt,-7.88,,
fda_3075.pdbqt,-7.92,,
fda_3076.pdbqt,-7.88 (invalid),,
fda_3077.pdbqt,-7.84,,
fda_3078.pdbqt,-7.44,,
fda_3079.pdbqt,-7.86,,
fda_3080.pdbqt,-7.81,,
fda_3081.pdbqt,-5.73,,
fda_3082.pdbqt,-6.29,,
fda_3083.pdbqt,-5.73,,
fda_3084.pdbqt,-4.90,,
fda_3085.pdbqt,-6.28,,
fda_3086.pdbqt,-3.69,,
fda_3087.pdbqt,-4.73 (invalid),,
fda_3088.pdbqt,-5.11,,
fda_3089.pdbqt,-5.84,,
fda_3090.pdbqt,-5.07 (invalid),,
fda_3091.pdbqt,-5.27,,
fda_3092.pdbqt,-3.41,,
fda_3093.pdbqt,-3.99,,
fda_3094.pdbqt,-5.21,,
fda_3095.pdbqt,-5.15,,
fda_3096.pdbqt,-5.23,,
fda_3097.pdbqt,-5.17,,
fda_3098.pdbqt,-3.76,,
fda_3099.pdbqt,-3.93,,
fda_3100.pdbqt,-3.44,,
fda_3101.pdbqt,-3.44 (invalid),,
fda_3102.pdbqt,-5.99,,
fda_3103.pdbqt,-6.23,,
fda_3104.pdbqt,-4.85,,
fda_3105.pdbqt,-4.64,,
fda_3106.pdbqt,-6.11 (invalid),,
fda_3107.pdbqt,-5.89,,
fda_3108.pdbqt,-5.83,,
fda_3109.pdbqt,-4.37 (invalid),,
fda_3110.pdbqt,-5.75,,
fda_3111.pdbqt,-4.96 (invalid),,
fda_3112.pdbqt,-4.52 (invalid),,
fda_3113.pdbqt,-4.82 (invalid),,
fda_3114.pdbqt,-4.43,,
fda_3115.pdbqt,-5.20 (invalid),,
fda_3116.pdbqt,-4.25,,
fda_3117.pdbqt,-4.95,,
fda_3118.pdbqt,-4.37,,
fda_3119.pdbqt,-6.67,,
fda_3120.pdbqt,-4.67,,
fda_3121.pdbqt,-5.31,,
fda_3122.pdbqt,-4.69,,
fda_3123.pdbqt,-5.54,,
fda_3124.pdbqt,-5.54 (invalid),,
fda_3125.pdbqt,-5.50,,
fda_3126.pdbqt,-5.77,,
fda_3127.pdbqt,-3.27 (invalid),,
fda_3128.pdbqt,-4.66,,
fda_3129.pdbqt,-3.19,,
fda_3130.pdbqt,-4.69,,
fda_3131.pdbqt,-5.35 (invalid),,
fda_3132.pdbqt,-5.25,,
fda_3133.pdbqt,-5.04,,
fda_3134.pdbqt,-5.39,,
fda_3135.pdbqt,-3.72,,
fda_3136.pdbqt,-5.55,,
fda_3137.pdbqt,-5.34 (invalid),,
fda_3138.pdbqt,-5.61,,
fda_3139.pdbqt,-3.44,,
fda_3140.pdbqt,-6.64,,
fda_3141.pdbqt,-6.16,,
fda_3142.pdbqt,-4.89,,
fda_3143.pdbqt,-4.99,,
fda_3144.pdbqt,-2.78,,
fda_3145.pdbqt,-6.26,,
fda_3146.pdbqt,-5.75,,
fda_3147.pdbqt,-3.45 (invalid),,
fda_3148.pdbqt,-3.47,,
fda_3149.pdbqt,-5.09,,
fda_3150.pdbqt,-5.89,,
fda_3151.pdbqt,-4.67,,
fda_3152.pdbqt,-4.46,,
fda_3153.pdbqt,-4.68,,
fda_3154.pdbqt,-5.12,,
fda_3155.pdbqt,-6.04,,
fda_3156.pdbqt,-6.20,,
fda_3157.pdbqt,-6.08,,
fda_3158.pdbqt,-6.33,,
fda_3159.pdbqt,-3.37,,
fda_3160.pdbqt,-5.34 (invalid),,
fda_3161.pdbqt,-5.15,,
fda_3162.pdbqt,-5.46,,
fda_3163.pdbqt,-5.59,,
fda_3164.pdbqt,-4.86,,
fda_3165.pdbqt,-5.54,,
fda_3166.pdbqt,-4.21,,
fda_3167.pdbqt,-4.78 (invalid),,
fda_3168.pdbqt,-6.02,,
fda_3169.pdbqt,-3.84,,
fda_3170.pdbqt,-3.66,,
fda_3171.pdbqt,-3.93,,
fda_3172.pdbqt,-5.71,,
fda_3173.pdbqt,-4.64,,
fda_3174.pdbqt,-4.84,,
fda_3175.pdbqt,-4.66,,
fda_3176.pdbqt,-2.60 (invalid),,
fda_3177.pdbqt,-5.74 (invalid),,
fda_3178.pdbqt,-3.17,,
fda_3179.pdbqt,-4.97,,
fda_3180.pdbqt,-3.13,,
