Ligand ID,Protein PDB ID,Best Score
fda_0001,10GS,-7.17
fda_0002,1M17,-7.7
fda_0002,10GS,-7.44
fda_0003,10GS,-6.99
fda_0003,1M17,-6.69
fda_0004,10GS,-8.35
fda_0008,10GS,-7.67
fda_0009,10GS,-7.77
fda_0011,1M17,-7.32
fda_0011,10GS,-6.82
fda_0012,10GS,-4.32
fda_0014,10GS,-5.57
fda_0014,1M17,-5.44
fda_0016,10GS,-7.62
fda_0016,1M17,-7.24
fda_0017,10GS,-7.49
fda_0017,1M17,-6.94
fda_0020,1M17,-7.43
fda_0020,10GS,-7.2
fda_0022,10GS,-7.14
fda_0022,1M17,-6.85
fda_0023,10GS,-7.22
fda_0023,1M17,-6.99
fda_0025,10GS,-7.95
fda_0025,1M17,-7.46
fda_0026,10GS,-8.11
fda_0027,10GS,-7.1
fda_0027,1M17,-6.86
fda_0029,10GS,-7.27
fda_0029,1M17,-7.04
fda_0031,10GS,-5.81
fda_0032,10GS,-6.82
fda_0034,1M17,-5.06
fda_0034,10GS,-4.76
fda_0036,10GS,-7.21
fda_0036,1M17,-7.02
fda_0038,10GS,-4.75
fda_0040,1M17,-5.18
fda_0043,1M17,-6.11
fda_0044,10GS,-8.16
fda_0046,10GS,-7.88
fda_0046,1M17,-7.84
fda_0047,10GS,-7.32
fda_0048,10GS,-7.47
fda_0049,1M17,-8.08
fda_0049,10GS,-7.11
fda_0051,10GS,-6.06
fda_0051,1M17,-5.77
fda_0053,10GS,-7.38
fda_0054,10GS,-6.78
fda_0054,1M17,-6.62
fda_0055,1M17,-6.28
fda_0055,10GS,-6.17
fda_0057,1M17,-7.63
fda_0057,10GS,-6.79
fda_0058,10GS,-7.18
fda_0059,10GS,-5.55
fda_0064,10GS,-6.21
fda_0065,10GS,-6.58
fda_0066,10GS,-7.49
fda_0066,1M17,-7.18
fda_0067,10GS,-7.55
fda_0068,10GS,-7.84
fda_0069,10GS,-6.86
fda_0069,1M17,-6.66
fda_0070,10GS,-6.98
fda_0071,10GS,-6.48
fda_0072,1M17,-6.14
fda_0072,10GS,-5.98
fda_0073,10GS,-6.92
fda_0075,10GS,-5.98
fda_0076,10GS,-6.01
fda_0077,10GS,-5.19
fda_0077,1M17,-4.72
fda_0078,10GS,-8.32
fda_0079,10GS,-8.32
fda_0079,1M17,-8.31
fda_0081,10GS,-7.34
fda_0082,10GS,-6.11
fda_0082,1M17,-5.74
fda_0083,10GS,-6.89
fda_0083,1M17,-6.78
fda_0084,1M17,-8.76
fda_0084,10GS,-7.73
fda_0086,10GS,-5.14
fda_0087,1M17,-6.58
fda_0087,10GS,-6.27
fda_0088,1M17,-6.55
fda_0088,10GS,-6.28
fda_0089,10GS,-5.98
fda_0090,10GS,-7.24
fda_0091,1M17,-8.44
fda_0091,10GS,-8.35
fda_0092,1M17,-6.37
fda_0092,10GS,-6.22
fda_0093,1M17,-6.86
fda_0093,10GS,-5.72
fda_0094,1M17,-7.86
fda_0094,10GS,-7.16
fda_0095,1M17,-8.14
fda_0095,10GS,-7.51
fda_0096,10GS,-7.64
fda_0096,1M17,-7.63
fda_0098,1M17,-6.75
fda_0098,10GS,-6.43
fda_0099,10GS,-7.36
fda_0100,10GS,-6.78
fda_0101,1M17,-7.83
fda_0101,10GS,-7.07
fda_0102,10GS,-4.78
fda_0102,1M17,-4.48
fda_0103,1M17,-7.37
fda_0103,10GS,-7.13
fda_0104,1M17,-8.35
fda_0104,10GS,-8.18
fda_0105,1M17,-6.97
fda_0105,10GS,-6.3
fda_0106,1M17,-8.2
fda_0106,10GS,-7.82
fda_0107,10GS,-8.31
fda_0107,1M17,-7.73
fda_0110,10GS,-6.39
fda_0111,10GS,-7.62
fda_0112,1M17,-7.93
fda_0112,10GS,-6.52
fda_0113,10GS,-6.38
fda_0113,1M17,-6.13
fda_0114,10GS,-7.33
fda_0114,1M17,-6.78
fda_0115,10GS,-6.58
fda_0116,10GS,-7.2
fda_0116,1M17,-7.07
fda_0117,10GS,-7.46
fda_0117,1M17,-7.14
fda_0118,1M17,-6.79
fda_0118,10GS,-6.44
fda_0123,1M17,-8.64
fda_0123,10GS,-8.12
fda_0124,10GS,-7.5
fda_0125,10GS,-8.42
fda_0125,1M17,-7.68
fda_0126,10GS,-8.34
fda_0126,1M17,-7.97
fda_0127,10GS,-7.95
fda_0128,10GS,-7.73
fda_0129,1M17,-8.06
fda_0129,10GS,-7.18
fda_0130,10GS,-7.93
fda_0133,10GS,-6.97
fda_0134,10GS,-7.62
fda_0135,1M17,-7.34
fda_0135,10GS,-7.16
fda_0136,10GS,-7.85
fda_0137,10GS,-6.69
fda_0138,10GS,-7.48
fda_0139,1M17,-7.96
fda_0139,10GS,-7.77
fda_0140,1M17,-8.45
fda_0140,10GS,-7.02
fda_0141,1M17,-7.86
fda_0141,10GS,-7.6
fda_0142,1M17,-5.75
fda_0142,10GS,-5.14
fda_0143,10GS,-7.88
fda_0143,1M17,-7.33
fda_0144,10GS,-7.61
fda_0145,1M17,-6.97
fda_0145,10GS,-6.83
fda_0146,1M17,-7.64
fda_0146,10GS,-7.2
fda_0147,10GS,-5.88
fda_0147,1M17,-5.7
fda_0148,1M17,-5.79
fda_0148,10GS,-5.4
fda_0149,10GS,-7.95
fda_0150,1M17,-8.91
fda_0150,10GS,-7.99
fda_0151,10GS,-7.52
fda_0151,1M17,-7.43
fda_0152,1M17,-8.25
fda_0152,10GS,-7.43
fda_0160,1M17,-6.75
fda_0160,10GS,-6.18
fda_0161,10GS,-6.22
fda_0162,10GS,-7.35
fda_0169,10GS,-7.4
fda_0170,1M17,-8.0
fda_0170,10GS,-7.15
fda_0171,10GS,-7.13
fda_0172,1M17,-8.12
fda_0172,10GS,-7.41
fda_0173,10GS,-7.44
fda_0173,1M17,-7.17
fda_0174,1M17,-7.17
fda_0174,10GS,-7.09
fda_0175,10GS,-5.07
fda_0176,1M17,-4.99
fda_0178,10GS,-5.83
fda_0179,10GS,-5.3
fda_0180,10GS,-5.21
fda_0181,10GS,-5.95
fda_0182,10GS,-5.82
fda_0186,10GS,-8.62
fda_0186,1M17,-7.67
fda_0190,1M17,-7.18
fda_0190,10GS,-7.14
fda_0195,10GS,-5.99
fda_0196,1M17,-8.54
fda_0196,10GS,-8.39
fda_0200,1M17,-7.61
fda_0200,10GS,-6.76
fda_0202,10GS,-6.99
fda_0203,10GS,-7.12
fda_0204,10GS,-7.05
fda_0206,10GS,-6.44
fda_0207,1M17,-7.09
fda_0207,10GS,-6.85
fda_0208,1M17,-7.0
fda_0208,10GS,-6.78
fda_0209,10GS,-6.89
fda_0210,10GS,-7.09
fda_0211,10GS,-7.58
fda_0212,10GS,-7.21
fda_0213,10GS,-7.52
fda_0214,1M17,-7.59
fda_0214,10GS,-7.46
fda_0215,1M17,-7.44
fda_0215,10GS,-7.41
fda_0216,10GS,-7.54
fda_0217,10GS,-7.01
fda_0217,1M17,-6.96
fda_0218,10GS,-6.54
fda_0219,10GS,-7.36
fda_0220,10GS,-7.75
fda_0221,10GS,-8.0
fda_0222,10GS,-8.26
fda_0223,10GS,-8.18
fda_0224,10GS,-8.18
fda_0225,10GS,-7.86
fda_0226,10GS,-8.14
fda_0226,1M17,-7.63
fda_0227,10GS,-7.84
fda_0228,10GS,-8.25
fda_0228,1M17,-7.2
fda_0229,10GS,-8.29
fda_0229,1M17,-7.82
fda_0230,1M17,-7.67
fda_0230,10GS,-7.61
fda_0231,10GS,-8.27
fda_0231,1M17,-7.46
fda_0232,10GS,-7.91
fda_0232,1M17,-7.64
fda_0233,10GS,-8.3
fda_0233,1M17,-7.34
fda_0234,10GS,-7.8
fda_0234,1M17,-7.25
fda_0235,10GS,-7.38
fda_0236,10GS,-7.83
fda_0237,10GS,-7.27
fda_0237,1M17,-6.93
fda_0238,1M17,-7.45
fda_0238,10GS,-6.88
fda_0239,10GS,-7.3
fda_0240,10GS,-6.92
fda_0241,10GS,-6.33
fda_0241,1M17,-5.95
fda_0242,1M17,-8.51
fda_0242,10GS,-7.46
fda_0243,1M17,-8.99
fda_0243,10GS,-7.1
fda_0244,1M17,-8.68
fda_0244,10GS,-7.34
fda_0245,10GS,-8.04
fda_0246,10GS,-7.05
fda_0247,10GS,-7.13
fda_0248,10GS,-7.8
fda_0249,10GS,-7.49
fda_0250,10GS,-6.9
fda_0251,10GS,-6.3
fda_0252,1M17,-6.92
fda_0252,10GS,-6.37
fda_0253,10GS,-7.0
fda_0254,10GS,-6.89
fda_0255,10GS,-8.03
fda_0256,10GS,-7.89
fda_0257,1M17,-5.86
fda_0257,10GS,-5.16
fda_0258,10GS,-8.17
fda_0259,10GS,-7.09
fda_0260,1M17,-5.96
fda_0260,10GS,-5.41
fda_0261,10GS,-7.2
fda_0262,10GS,-7.66
fda_0263,10GS,-7.47
fda_0263,1M17,-7.09
fda_0264,10GS,-8.16
fda_0265,10GS,-7.8
fda_0266,10GS,-7.65
fda_0267,10GS,-7.2
fda_0268,10GS,-7.76
fda_0269,10GS,-7.83
fda_0270,10GS,-8.06
fda_0271,10GS,-7.5
fda_0272,10GS,-7.76
fda_0273,1M17,-8.15
fda_0273,10GS,-7.49
fda_0274,1M17,-9.0
fda_0274,10GS,-8.43
fda_0275,10GS,-7.54
fda_0276,1M17,-8.01
fda_0276,10GS,-7.86
fda_0290,10GS,-8.93
fda_0291,10GS,-9.14
fda_0293,10GS,-7.95
fda_0343,1M17,-7.36
fda_0343,10GS,-6.44
fda_0344,10GS,-6.32
fda_0345,10GS,-6.71
fda_0346,10GS,-6.76
fda_0367,1M17,-7.29
fda_0367,10GS,-6.42
fda_0368,10GS,-6.82
fda_0369,10GS,-6.6
fda_0370,1M17,-7.03
fda_0370,10GS,-6.0
fda_0371,10GS,-6.71
fda_0373,10GS,-6.89
fda_0398,1M17,-5.91
fda_0398,10GS,-5.35
fda_0399,10GS,-5.79
fda_0400,1M17,-5.45
fda_0400,10GS,-5.31
fda_0401,10GS,-5.35
fda_0402,10GS,-6.18
fda_0403,10GS,-6.12
fda_0404,10GS,-6.16
fda_0405,10GS,-6.25
fda_0406,10GS,-6.71
fda_0407,1M17,-4.77
fda_0407,10GS,-4.75
fda_0408,1M17,-4.75
fda_0408,10GS,-4.64
fda_0409,10GS,-4.93
fda_0409,1M17,-4.79
fda_0410,1M17,-8.36
fda_0410,10GS,-7.91
fda_0411,10GS,-7.65
fda_0412,1M17,-8.23
fda_0412,10GS,-8.22
fda_0413,1M17,-8.11
fda_0413,10GS,-7.81
fda_0414,1M17,-7.99
fda_0414,10GS,-7.94
fda_0415,10GS,-7.86
fda_0416,1M17,-8.0
fda_0416,10GS,-7.72
fda_0417,1M17,-7.89
fda_0417,10GS,-7.42
fda_0418,10GS,-6.29
fda_0419,10GS,-6.25
fda_0421,10GS,-6.51
fda_0421,1M17,-6.12
fda_0423,10GS,-6.77
fda_0425,10GS,-8.44
fda_0426,10GS,-8.45
fda_0432,1M17,-8.1
fda_0434,10GS,-7.7
fda_0436,10GS,-7.51
fda_0436,1M17,-7.13
fda_0442,1M17,-7.7
fda_0442,10GS,-6.98
fda_0443,1M17,-7.15
fda_0443,10GS,-6.99
fda_0445,1M17,-7.44
fda_0445,10GS,-7.29
fda_0446,10GS,-6.33
fda_0449,10GS,-6.6
fda_0450,10GS,-6.14
fda_0451,10GS,-7.74
fda_0452,10GS,-7.66
fda_0453,10GS,-7.65
fda_0454,10GS,-7.73
fda_0455,10GS,-6.98
fda_0455,1M17,-6.62
fda_0459,10GS,-8.67
fda_0459,1M17,-7.82
fda_0460,1M17,-7.86
fda_0460,10GS,-7.76
fda_0461,10GS,-6.91
fda_0461,1M17,-6.87
fda_0462,10GS,-7.72
fda_0463,10GS,-8.28
fda_0464,10GS,-8.36
fda_0465,10GS,-7.32
fda_0466,10GS,-7.53
fda_0467,1M17,-8.22
fda_0467,10GS,-7.64
fda_0468,1M17,-7.81
fda_0468,10GS,-7.46
fda_0469,1M17,-8.01
fda_0469,10GS,-7.55
fda_0476,10GS,-7.14
fda_0477,10GS,-7.13
fda_0477,1M17,-6.97
fda_0478,10GS,-7.04
fda_0478,1M17,-6.67
fda_0479,1M17,-6.36
fda_0479,10GS,-5.86
fda_0480,1M17,-4.88
fda_0480,10GS,-4.27
fda_0481,10GS,-4.26
fda_0482,10GS,-8.25
fda_0483,10GS,-7.98
fda_0484,1M17,-8.67
fda_0484,10GS,-8.65
fda_0485,1M17,-8.65
fda_0485,10GS,-8.39
fda_0486,10GS,-8.11
fda_0487,1M17,-9.07
fda_0487,10GS,-8.41
fda_0488,1M17,-8.66
fda_0488,10GS,-8.13
fda_0493,10GS,-8.29
fda_0493,1M17,-8.17
fda_0494,10GS,-7.83
fda_0495,1M17,-8.25
fda_0495,10GS,-8.05
fda_0496,1M17,-8.47
fda_0496,10GS,-8.4
fda_0497,10GS,-8.05
fda_0498,10GS,-8.97
fda_0499,10GS,-8.83
fda_0500,10GS,-9.09
fda_0501,10GS,-8.97
fda_0506,1M17,-7.86
fda_0506,10GS,-7.45
fda_0507,10GS,-7.4
fda_0508,1M17,-8.01
fda_0508,10GS,-7.35
fda_0509,1M17,-8.36
fda_0509,10GS,-7.59
fda_0510,1M17,-8.14
fda_0510,10GS,-7.31
fda_0511,10GS,-7.93
fda_0512,1M17,-8.55
fda_0512,10GS,-8.15
fda_0513,1M17,-8.34
fda_0513,10GS,-8.03
fda_0514,10GS,-9.86
fda_0514,1M17,-8.63
fda_0515,10GS,-9.83
fda_0515,1M17,-8.68
fda_0516,10GS,-9.47
fda_0516,1M17,-8.52
fda_0517,10GS,-8.79
fda_0517,1M17,-8.79
fda_0518,10GS,-8.15
fda_0519,10GS,-8.35
fda_0520,10GS,-8.04
fda_0521,10GS,-7.64
fda_0522,1M17,-7.64
fda_0522,10GS,-7.58
fda_0523,1M17,-8.19
fda_0523,10GS,-7.59
fda_0524,1M17,-7.83
fda_0524,10GS,-7.43
fda_0525,1M17,-8.27
fda_0525,10GS,-7.81
fda_0526,10GS,-7.71
fda_0526,1M17,-7.41
fda_0527,1M17,-8.32
fda_0527,10GS,-8.03
fda_0528,10GS,-8.38
fda_0529,1M17,-8.61
fda_0529,10GS,-7.96
fda_0530,10GS,-8.21
fda_0530,1M17,-8.19
fda_0531,10GS,-7.38
fda_0532,1M17,-7.49
fda_0532,10GS,-7.2
fda_0533,1M17,-8.18
fda_0533,10GS,-7.32
fda_0534,10GS,-7.79
fda_0534,1M17,-7.45
fda_0535,10GS,-7.81
fda_0536,10GS,-7.54
fda_0537,10GS,-7.64
fda_0538,10GS,-8.85
fda_0538,1M17,-7.92
fda_0539,10GS,-9.13
fda_0540,10GS,-8.68
fda_0540,1M17,-7.88
fda_0541,10GS,-9.12
fda_0542,10GS,-7.21
fda_0542,1M17,-6.69
fda_0546,10GS,-4.71
fda_0548,10GS,-7.28
fda_0548,1M17,-6.9
fda_0549,10GS,-6.92
fda_0551,10GS,-4.46
fda_0552,10GS,-4.5
fda_0557,1M17,-6.77
fda_0557,10GS,-6.75
fda_0558,1M17,-8.11
fda_0558,10GS,-7.93
fda_0559,10GS,-7.77
fda_0559,1M17,-7.39
fda_0560,1M17,-8.08
fda_0560,10GS,-7.97
fda_0561,1M17,-7.85
fda_0561,10GS,-7.76
fda_0562,10GS,-7.08
fda_0563,10GS,-6.57
fda_0564,10GS,-7.11
fda_0571,1M17,-7.41
fda_0571,10GS,-6.77
fda_0572,10GS,-8.25
fda_0572,1M17,-8.25
fda_0573,10GS,-6.53
fda_0574,10GS,-7.61
fda_0575,1M17,-8.41
fda_0575,10GS,-7.97
fda_0576,10GS,-7.66
fda_0576,1M17,-7.22
fda_0577,10GS,-7.34
fda_0580,10GS,-8.92
fda_0581,10GS,-8.87
fda_0582,10GS,-7.77
fda_0582,1M17,-7.48
fda_0583,1M17,-7.99
fda_0583,10GS,-7.57
fda_0584,1M17,-8.32
fda_0584,10GS,-8.26
fda_0585,10GS,-8.42
fda_0586,1M17,-8.4
fda_0586,10GS,-8.06
fda_0587,10GS,-8.51
fda_0587,1M17,-8.3
fda_0588,1M17,-7.58
fda_0588,10GS,-7.35
fda_0589,10GS,-7.74
fda_0590,10GS,-8.21
fda_0590,1M17,-7.93
fda_0591,10GS,-8.34
fda_0591,1M17,-8.25
fda_0592,1M17,-8.06
fda_0592,10GS,-7.73
fda_0593,1M17,-8.46
fda_0593,10GS,-7.88
fda_0596,1M17,-8.51
fda_0596,10GS,-8.23
fda_0597,10GS,-8.23
fda_0601,10GS,-7.45
fda_0602,10GS,-7.51
fda_0602,1M17,-7.38
fda_0606,10GS,-7.62
fda_0607,10GS,-7.72
fda_0608,10GS,-8.51
fda_0608,1M17,-7.92
fda_0609,10GS,-7.75
fda_0610,10GS,-8.81
fda_0610,1M17,-8.78
fda_0611,1M17,-9.41
fda_0611,10GS,-8.88
fda_0612,10GS,-9.1
fda_0613,1M17,-9.64
fda_0613,10GS,-8.98
fda_0614,1M17,-8.28
fda_0614,10GS,-7.92
fda_0615,10GS,-8.9
fda_0615,1M17,-8.84
fda_0616,10GS,-9.21
fda_0616,1M17,-8.45
fda_0617,10GS,-8.92
fda_0617,1M17,-8.56
fda_0618,1M17,-8.47
fda_0618,10GS,-7.99
fda_0619,10GS,-7.51
fda_0620,10GS,-8.29
fda_0620,1M17,-8.23
fda_0621,1M17,-8.24
fda_0621,10GS,-8.14
fda_0622,10GS,-8.32
fda_0622,1M17,-7.87
fda_0623,10GS,-8.6
fda_0623,1M17,-8.02
fda_0624,10GS,-6.78
fda_0625,10GS,-7.64
fda_0625,1M17,-6.97
fda_0626,10GS,-8.03
fda_0626,1M17,-7.45
fda_0627,10GS,-8.34
fda_0627,1M17,-8.24
fda_0628,10GS,-6.73
fda_0628,1M17,-6.57
fda_0629,10GS,-7.54
fda_0629,1M17,-7.09
fda_0630,10GS,-6.57
fda_0631,10GS,-7.45
fda_0632,10GS,-8.0
fda_0633,10GS,-9.28
fda_0634,10GS,-8.21
fda_0635,10GS,-8.03
fda_0636,10GS,-8.59
fda_0637,10GS,-8.03
fda_0637,1M17,-7.86
fda_0638,1M17,-8.18
fda_0638,10GS,-7.85
fda_0639,10GS,-6.37
fda_0640,1M17,-6.55
fda_0640,10GS,-5.83
fda_0641,1M17,-6.34
fda_0641,10GS,-5.73
fda_0642,1M17,-7.62
fda_0642,10GS,-7.49
fda_0643,1M17,-8.3
fda_0643,10GS,-7.48
fda_0644,10GS,-7.69
fda_0644,1M17,-7.29
fda_0645,10GS,-7.7
fda_0645,1M17,-7.56
fda_0646,10GS,-8.59
fda_0647,1M17,-8.89
fda_0647,10GS,-7.6
fda_0648,10GS,-7.05
fda_0648,1M17,-6.98
fda_0649,1M17,-8.51
fda_0649,10GS,-7.38
fda_0650,1M17,-8.33
fda_0650,10GS,-7.78
fda_0651,10GS,-7.39
fda_0652,1M17,-8.5
fda_0652,10GS,-8.48
fda_0653,1M17,-7.88
fda_0653,10GS,-7.42
fda_0654,1M17,-5.35
fda_0658,10GS,-7.09
fda_0658,1M17,-6.94
fda_0659,10GS,-8.18
fda_0660,10GS,-8.16
fda_0661,10GS,-8.16
fda_0662,10GS,-8.18
fda_0663,1M17,-7.28
fda_0663,10GS,-7.27
fda_0664,1M17,-8.35
fda_0664,10GS,-8.06
fda_0665,1M17,-9.08
fda_0665,10GS,-8.01
fda_0666,1M17,-7.78
fda_0666,10GS,-7.48
fda_0667,1M17,-8.52
fda_0667,10GS,-8.04
fda_0669,10GS,-5.76
fda_0671,1M17,-6.86
fda_0671,10GS,-6.68
fda_0672,1M17,-8.25
fda_0672,10GS,-8.1
fda_0673,1M17,-8.36
fda_0673,10GS,-8.24
fda_0674,1M17,-7.94
fda_0674,10GS,-7.43
fda_0675,1M17,-8.13
fda_0675,10GS,-8.08
fda_0676,10GS,-7.85
fda_0676,1M17,-7.07
fda_0686,10GS,-7.12
fda_0689,10GS,-8.16
fda_0690,10GS,-8.18
fda_0690,1M17,-8.02
fda_0691,10GS,-7.77
fda_0692,10GS,-7.43
fda_0693,10GS,-8.09
fda_0694,10GS,-8.91
fda_0695,10GS,-7.33
fda_0696,10GS,-7.49
fda_0697,10GS,-6.84
fda_0698,10GS,-7.3
fda_0698,1M17,-7.08
fda_0699,1M17,-7.58
fda_0699,10GS,-7.34
fda_0704,10GS,-4.64
fda_0705,10GS,-4.69
fda_0707,10GS,-4.53
fda_0709,10GS,-4.68
fda_0711,10GS,-6.51
fda_0712,10GS,-6.63
fda_0713,10GS,-9.1
fda_0713,1M17,-8.47
fda_0714,10GS,-7.68
fda_0715,10GS,-7.83
fda_0715,1M17,-7.72
fda_0716,10GS,-8.1
fda_0718,10GS,-4.89
fda_0719,10GS,-5.35
fda_0721,10GS,-4.43
fda_0721,1M17,-4.27
fda_0722,10GS,-4.27
fda_0722,1M17,-4.08
fda_0723,10GS,-4.53
fda_0723,1M17,-4.4
fda_0724,10GS,-7.03
fda_0724,1M17,-6.96
fda_0725,10GS,-7.1
fda_0725,1M17,-6.97
fda_0726,10GS,-6.95
fda_0726,1M17,-6.83
fda_0727,10GS,-6.89
fda_0727,1M17,-6.83
fda_0728,1M17,-6.75
fda_0728,10GS,-6.68
fda_0729,1M17,-6.92
fda_0729,10GS,-6.42
fda_0730,1M17,-7.08
fda_0730,10GS,-6.83
fda_0731,10GS,-6.67
fda_0731,1M17,-6.62
fda_0732,10GS,-7.93
fda_0732,1M17,-7.28
fda_0733,10GS,-8.11
fda_0737,10GS,-5.83
fda_0739,10GS,-7.13
fda_0740,10GS,-7.74
fda_0742,10GS,-6.97
fda_0743,10GS,-7.29
fda_0744,10GS,-9.14
fda_0745,10GS,-8.93
fda_0747,10GS,-9.13
fda_0750,10GS,-7.79
fda_0754,10GS,-4.24
fda_0755,1M17,-4.61
fda_0755,10GS,-4.04
fda_0756,10GS,-4.16
fda_0757,1M17,-4.53
fda_0758,1M17,-4.4
fda_0758,10GS,-4.24
fda_0759,10GS,-4.24
fda_0760,10GS,-4.26
fda_0760,1M17,-4.24
fda_0761,1M17,-4.56
fda_0761,10GS,-4.47
fda_0764,10GS,-5.93
fda_0767,10GS,-5.95
fda_0770,10GS,-6.18
fda_0770,1M17,-5.64
fda_0771,10GS,-6.38
fda_0771,1M17,-5.32
fda_0772,10GS,-5.89
fda_0772,1M17,-5.55
fda_0773,10GS,-6.26
fda_0773,1M17,-5.49
fda_0774,10GS,-6.33
fda_0774,1M17,-5.41
fda_0775,10GS,-6.18
fda_0775,1M17,-5.4
fda_0776,10GS,-6.06
fda_0777,10GS,-6.04
fda_0778,10GS,-6.12
fda_0779,10GS,-6.0
fda_0782,1M17,-7.13
fda_0782,10GS,-6.75
fda_0783,1M17,-7.18
fda_0784,10GS,-6.78
fda_0785,10GS,-6.99
fda_0785,1M17,-6.72
fda_0791,10GS,-5.24
fda_0793,10GS,-5.75
fda_0797,10GS,-7.22
fda_0798,10GS,-7.37
fda_0798,1M17,-6.49
fda_0801,10GS,-6.24
fda_0802,10GS,-5.97
fda_0803,10GS,-6.18
fda_0804,10GS,-5.89
fda_0806,1M17,-7.29
fda_0806,10GS,-7.02
fda_0807,10GS,-8.39
fda_0808,10GS,-7.27
fda_0810,1M17,-7.3
fda_0810,10GS,-7.23
fda_0811,10GS,-7.42
fda_0812,1M17,-7.69
fda_0812,10GS,-7.12
fda_0813,1M17,-7.87
fda_0813,10GS,-7.68
fda_0814,10GS,-7.6
fda_0815,10GS,-7.58
fda_0816,10GS,-7.35
fda_0816,1M17,-7.05
fda_0817,10GS,-8.12
fda_0817,1M17,-7.49
fda_0823,1M17,-6.12
fda_0823,10GS,-5.5
fda_0824,1M17,-8.3
fda_0824,10GS,-7.85
fda_0827,1M17,-6.18
fda_0827,10GS,-5.95
fda_0828,10GS,-5.02
fda_0828,1M17,-4.95
fda_0829,1M17,-5.2
fda_0830,10GS,-7.57
fda_0830,1M17,-7.24
fda_0831,1M17,-5.57
fda_0831,10GS,-5.54
fda_0832,10GS,-6.97
fda_0833,10GS,-6.95
fda_0834,10GS,-6.98
fda_0834,1M17,-6.84
fda_0835,10GS,-7.26
fda_0836,1M17,-8.03
fda_0836,10GS,-7.15
fda_0837,1M17,-7.95
fda_0837,10GS,-7.07
fda_0838,1M17,-7.26
fda_0838,10GS,-7.11
fda_0839,1M17,-8.69
fda_0839,10GS,-8.14
fda_0840,10GS,-9.32
fda_0840,1M17,-8.35
fda_0841,1M17,-9.06
fda_0841,10GS,-8.52
fda_0842,10GS,-5.08
fda_0843,1M17,-4.19
fda_0843,10GS,-3.48
fda_0844,1M17,-4.14
fda_0844,10GS,-3.87
fda_0845,10GS,-8.33
fda_0846,10GS,-8.47
fda_0847,1M17,-8.59
fda_0847,10GS,-7.37
fda_0848,10GS,-7.6
fda_0849,10GS,-8.11
fda_0849,1M17,-7.96
fda_0850,10GS,-7.42
fda_0851,10GS,-7.0
fda_0852,10GS,-7.52
fda_0854,10GS,-7.5
fda_0855,10GS,-8.7
fda_0856,10GS,-8.55
fda_0856,1M17,-8.38
fda_0860,1M17,-6.46
fda_0860,10GS,-5.98
fda_0861,10GS,-7.25
fda_0862,1M17,-7.58
fda_0862,10GS,-7.42
fda_0863,10GS,-7.76
fda_0864,10GS,-7.97
fda_0865,10GS,-7.81
fda_0866,10GS,-7.62
fda_0867,10GS,-7.37
fda_0868,10GS,-7.63
fda_0868,1M17,-7.08
fda_0869,10GS,-7.81
fda_0869,1M17,-7.61
fda_0870,10GS,-8.02
fda_0871,10GS,-8.54
fda_0872,10GS,-8.59
fda_0872,1M17,-7.43
fda_0877,1M17,-5.47
fda_0877,10GS,-4.74
fda_0878,1M17,-5.35
fda_0878,10GS,-5.08
fda_0879,10GS,-8.13
fda_0880,10GS,-7.62
fda_0881,1M17,-8.18
fda_0881,10GS,-8.01
fda_0882,10GS,-6.1
fda_0884,10GS,-6.33
fda_0885,10GS,-6.38
fda_0887,10GS,-7.64
fda_0887,1M17,-6.7
fda_0888,10GS,-7.39
fda_0888,1M17,-7.35
fda_0889,1M17,-7.75
fda_0889,10GS,-7.27
fda_0891,10GS,-7.93
fda_0891,1M17,-7.3
fda_0892,10GS,-8.08
fda_0892,1M17,-7.52
fda_0893,10GS,-7.63
fda_0898,10GS,-6.17
fda_0900,10GS,-6.47
fda_0901,1M17,-6.6
fda_0901,10GS,-6.08
fda_0906,10GS,-7.66
fda_0907,10GS,-8.06
fda_0908,10GS,-7.52
fda_0909,10GS,-8.27
fda_0912,10GS,-6.99
fda_0917,10GS,-8.82
fda_0917,1M17,-7.48
fda_0918,10GS,-6.87
fda_0918,1M17,-6.68
fda_0919,1M17,-7.37
fda_0919,10GS,-7.36
fda_0920,10GS,-6.65
fda_0926,10GS,-7.18
fda_0926,1M17,-6.49
fda_0927,10GS,-7.04
fda_0928,1M17,-7.37
fda_0928,10GS,-6.87
fda_0929,10GS,-7.58
fda_0930,10GS,-7.84
fda_0931,10GS,-8.01
fda_0932,10GS,-7.79
fda_0933,10GS,-7.38
fda_0934,10GS,-8.04
fda_0935,10GS,-7.77
fda_0936,10GS,-7.56
fda_0937,1M17,-7.89
fda_0937,10GS,-7.32
fda_0938,1M17,-9.22
fda_0938,10GS,-8.63
fda_0939,1M17,-9.71
fda_0939,10GS,-8.9
fda_0940,1M17,-8.45
fda_0940,10GS,-8.43
fda_0941,10GS,-8.82
fda_0941,1M17,-8.64
fda_0942,1M17,-9.51
fda_0942,10GS,-8.88
fda_0943,10GS,-9.37
fda_0943,1M17,-9.08
fda_0944,1M17,-8.2
fda_0944,10GS,-8.19
fda_0945,1M17,-8.74
fda_0945,10GS,-8.6
fda_0948,10GS,-6.13
fda_0950,10GS,-6.71
fda_0951,10GS,-8.13
fda_0952,10GS,-8.71
fda_0953,10GS,-7.57
fda_0953,1M17,-7.2
fda_0954,10GS,-6.42
fda_0954,1M17,-6.31
fda_0955,1M17,-7.13
fda_0955,10GS,-6.69
fda_0956,10GS,-7.38
fda_0957,10GS,-7.65
fda_0958,10GS,-7.92
fda_0958,1M17,-7.66
fda_0959,10GS,-7.76
fda_0959,1M17,-7.76
fda_0960,10GS,-8.82
fda_0960,1M17,-8.26
fda_0961,10GS,-7.78
fda_0962,1M17,-7.13
fda_0962,10GS,-7.12
fda_0963,10GS,-7.97
fda_0964,1M17,-8.22
fda_0964,10GS,-7.86
fda_0965,1M17,-8.08
fda_0965,10GS,-7.91
fda_0966,10GS,-7.93
fda_0966,1M17,-7.78
fda_0967,10GS,-8.08
fda_0967,1M17,-7.89
fda_0968,10GS,-9.25
fda_0968,1M17,-8.88
fda_0969,1M17,-9.07
fda_0969,10GS,-8.72
fda_0970,10GS,-7.45
fda_0971,10GS,-8.36
fda_0972,10GS,-8.25
fda_0972,1M17,-8.08
fda_0973,10GS,-7.77
fda_0974,10GS,-6.87
fda_0975,1M17,-8.07
fda_0975,10GS,-7.67
fda_0976,10GS,-6.98
fda_0977,1M17,-7.58
fda_0977,10GS,-7.37
fda_0982,10GS,-6.9
fda_0983,1M17,-7.4
fda_0984,10GS,-7.12
fda_0984,1M17,-7.02
fda_0989,1M17,-8.55
fda_0989,10GS,-7.76
fda_0990,10GS,-8.38
fda_0990,1M17,-8.35
fda_0991,1M17,-7.53
fda_0991,10GS,-7.31
fda_0992,10GS,-7.59
fda_0993,10GS,-7.14
fda_0993,1M17,-7.1
fda_0994,10GS,-8.31
fda_0994,1M17,-7.76
fda_0995,10GS,-8.9
fda_0995,1M17,-8.16
fda_0996,10GS,-7.0
fda_0996,1M17,-6.75
fda_0997,10GS,-7.74
fda_0998,10GS,-8.46
fda_0998,1M17,-8.17
fda_0999,10GS,-7.91
fda_1000,10GS,-7.88
fda_1001,10GS,-8.24
fda_1002,10GS,-8.28
fda_1003,10GS,-7.92
fda_1003,1M17,-7.54
fda_1004,10GS,-7.64
fda_1004,1M17,-7.39
fda_1005,1M17,-7.51
fda_1005,10GS,-7.08
fda_1006,1M17,-7.95
fda_1006,10GS,-7.46
fda_1008,10GS,-6.68
fda_1009,10GS,-6.83
fda_1010,10GS,-6.69
fda_1011,1M17,-6.93
fda_1011,10GS,-6.7
fda_1012,10GS,-7.51
fda_1013,10GS,-7.42
fda_1014,10GS,-7.57
fda_1015,10GS,-7.3
fda_1016,10GS,-7.18
fda_1017,1M17,-7.59
fda_1017,10GS,-7.4
fda_1018,10GS,-7.63
fda_1019,1M17,-7.53
fda_1019,10GS,-6.57
fda_1025,10GS,-7.49
fda_1025,1M17,-7.07
fda_1026,1M17,-7.58
fda_1026,10GS,-7.38
fda_1036,1M17,-6.14
fda_1036,10GS,-5.71
fda_1038,1M17,-7.18
fda_1038,10GS,-7.08
fda_1039,10GS,-7.35
fda_1039,1M17,-6.07
fda_1040,10GS,-6.81
fda_1040,1M17,-6.05
fda_1041,10GS,-7.21
fda_1041,1M17,-6.25
fda_1042,10GS,-7.68
fda_1042,1M17,-7.43
fda_1043,10GS,-7.79
fda_1043,1M17,-7.45
fda_1044,10GS,-8.05
fda_1044,1M17,-7.82
fda_1045,1M17,-7.49
fda_1045,10GS,-6.89
fda_1046,1M17,-8.61
fda_1046,10GS,-8.0
fda_1051,10GS,-5.29
fda_1057,10GS,-7.88
fda_1057,1M17,-7.32
fda_1058,10GS,-6.54
fda_1059,1M17,-8.29
fda_1059,10GS,-6.3
fda_1060,10GS,-7.09
fda_1061,10GS,-7.57
fda_1062,10GS,-7.2
fda_1063,10GS,-7.54
fda_1064,10GS,-7.67
fda_1065,10GS,-7.86
fda_1066,1M17,-8.47
fda_1066,10GS,-7.86
fda_1067,10GS,-7.61
fda_1068,1M17,-8.11
fda_1068,10GS,-7.79
fda_1073,10GS,-7.97
fda_1073,1M17,-7.88
fda_1074,10GS,-7.88
fda_1074,1M17,-7.15
fda_1075,1M17,-7.63
fda_1075,10GS,-6.8
fda_1076,10GS,-7.92
fda_1076,1M17,-7.64
fda_1077,10GS,-7.25
fda_1078,10GS,-7.43
fda_1079,10GS,-7.24
fda_1079,1M17,-7.18
fda_1080,10GS,-7.92
fda_1080,1M17,-7.22
fda_1081,1M17,-7.14
fda_1081,10GS,-6.59
fda_1083,10GS,-6.58
fda_1084,10GS,-7.21
fda_1092,10GS,-7.2
fda_1093,10GS,-7.09
fda_1093,1M17,-6.93
fda_1094,10GS,-7.02
fda_1094,1M17,-6.57
fda_1095,10GS,-7.38
fda_1095,1M17,-6.8
fda_1101,10GS,-7.03
fda_1102,10GS,-7.58
fda_1103,1M17,-8.26
fda_1103,10GS,-8.03
fda_1104,10GS,-7.09
fda_1105,10GS,-8.0
fda_1106,10GS,-7.28
fda_1114,10GS,-8.31
fda_1115,10GS,-7.61
fda_1116,10GS,-8.29
fda_1117,10GS,-7.12
fda_1118,1M17,-5.31
fda_1119,1M17,-5.42
fda_1121,1M17,-7.36
fda_1121,10GS,-7.29
fda_1122,1M17,-8.01
fda_1122,10GS,-7.0
fda_1123,10GS,-7.91
fda_1124,1M17,-7.69
fda_1124,10GS,-7.22
fda_1125,10GS,-8.29
fda_1126,10GS,-8.24
fda_1127,10GS,-9.06
fda_1128,10GS,-9.07
fda_1129,1M17,-7.5
fda_1129,10GS,-7.41
fda_1130,10GS,-7.66
fda_1130,1M17,-7.51
fda_1131,10GS,-8.97
fda_1132,10GS,-8.12
fda_1133,1M17,-7.92
fda_1133,10GS,-7.47
fda_1134,10GS,-7.98
fda_1135,10GS,-7.72
fda_1136,1M17,-7.79
fda_1136,10GS,-7.56
fda_1137,10GS,-8.28
fda_1137,1M17,-8.2
fda_1138,10GS,-8.51
fda_1138,1M17,-7.47
fda_1139,10GS,-8.38
fda_1139,1M17,-8.34
fda_1140,10GS,-9.2
fda_1140,1M17,-8.03
fda_1141,10GS,-7.72
fda_1141,1M17,-7.53
fda_1142,10GS,-7.7
fda_1142,1M17,-7.48
fda_1143,10GS,-7.29
fda_1143,1M17,-7.24
fda_1144,1M17,-7.27
fda_1144,10GS,-7.09
fda_1147,10GS,-6.07
fda_1148,10GS,-6.14
fda_1149,10GS,-6.67
fda_1150,10GS,-6.57
fda_1153,10GS,-6.24
fda_1153,1M17,-6.05
fda_1154,10GS,-6.05
fda_1155,1M17,-7.77
fda_1155,10GS,-7.52
fda_1156,10GS,-5.03
fda_1157,1M17,-7.26
fda_1157,10GS,-7.21
fda_1158,10GS,-8.75
fda_1159,10GS,-8.96
fda_1160,10GS,-9.03
fda_1160,1M17,-8.96
fda_1161,10GS,-8.41
fda_1162,10GS,-6.89
fda_1163,10GS,-7.53
fda_1164,10GS,-8.41
fda_1164,1M17,-8.15
fda_1165,1M17,-9.2
fda_1165,10GS,-7.71
fda_1166,1M17,-7.85
fda_1166,10GS,-7.7
fda_1167,1M17,-8.04
fda_1167,10GS,-7.7
fda_1168,10GS,-7.9
fda_1169,10GS,-7.9
fda_1170,10GS,-8.33
fda_1171,1M17,-7.25
fda_1171,10GS,-6.97
fda_1173,1M17,-8.13
fda_1173,10GS,-7.39
fda_1174,1M17,-9.21
fda_1174,10GS,-8.65
fda_1175,10GS,-8.35
fda_1175,1M17,-8.04
fda_1176,10GS,-8.39
fda_1176,1M17,-8.12
fda_1181,1M17,-6.86
fda_1181,10GS,-6.15
fda_1182,10GS,-6.54
fda_1182,1M17,-6.32
fda_1183,10GS,-7.17
fda_1184,10GS,-8.18
fda_1184,1M17,-7.94
fda_1189,10GS,-7.48
fda_1190,10GS,-7.25
fda_1191,10GS,-7.62
fda_1191,1M17,-6.71
fda_1192,10GS,-6.69
fda_1193,10GS,-7.6
fda_1193,1M17,-7.37
fda_1194,10GS,-3.14
fda_1195,1M17,-4.29
fda_1195,10GS,-4.0
fda_1196,1M17,-6.29
fda_1196,10GS,-6.18
fda_1197,10GS,-6.64
fda_1197,1M17,-6.28
fda_1198,1M17,-7.92
fda_1198,10GS,-7.53
fda_1199,1M17,-7.61
fda_1199,10GS,-7.53
fda_1200,1M17,-7.85
fda_1200,10GS,-7.2
fda_1201,1M17,-8.19
fda_1201,10GS,-7.33
fda_1202,1M17,-6.07
fda_1202,10GS,-5.39
fda_1203,10GS,-6.65
fda_1203,1M17,-6.61
fda_1205,10GS,-9.2
fda_1206,10GS,-9.27
fda_1206,1M17,-8.97
fda_1207,10GS,-9.32
fda_1215,1M17,-8.27
fda_1215,10GS,-7.46
fda_1216,10GS,-7.58
fda_1216,1M17,-7.55
fda_1217,1M17,-7.5
fda_1217,10GS,-6.81
fda_1218,10GS,-7.53
fda_1218,1M17,-7.48
fda_1219,1M17,-7.47
fda_1219,10GS,-7.28
fda_1226,10GS,-7.67
fda_1227,10GS,-7.54
fda_1228,10GS,-7.83
fda_1229,10GS,-7.59
fda_1230,10GS,-6.63
fda_1231,10GS,-6.4
fda_1232,10GS,-6.48
fda_1233,10GS,-6.71
fda_1234,10GS,-6.19
fda_1235,10GS,-9.16
fda_1236,10GS,-8.73
fda_1237,10GS,-9.68
fda_1238,10GS,-8.85
fda_1239,10GS,-4.89
fda_1241,1M17,-8.47
fda_1241,10GS,-8.06
fda_1242,10GS,-6.34
fda_1244,10GS,-9.39
fda_1244,1M17,-8.94
fda_1247,10GS,-6.24
fda_1248,10GS,-7.25
fda_1248,1M17,-7.14
fda_1249,1M17,-6.34
fda_1249,10GS,-5.74
fda_1250,1M17,-6.71
fda_1250,10GS,-5.97
fda_1253,10GS,-7.33
fda_1254,10GS,-5.15
fda_1256,1M17,-5.08
fda_1256,10GS,-4.87
fda_1259,10GS,-7.27
fda_1260,10GS,-7.46
fda_1261,10GS,-7.45
fda_1262,1M17,-8.43
fda_1262,10GS,-7.79
fda_1263,1M17,-8.58
fda_1263,10GS,-8.3
fda_1264,1M17,-9.42
fda_1264,10GS,-8.87
fda_1265,1M17,-8.44
fda_1265,10GS,-7.07
fda_1266,10GS,-7.38
fda_1266,1M17,-7.01
fda_1269,10GS,-7.32
fda_1269,1M17,-7.22
fda_1270,1M17,-6.16
fda_1270,10GS,-5.67
fda_1271,10GS,-8.02
fda_1271,1M17,-7.8
fda_1272,1M17,-6.97
fda_1278,10GS,-7.52
fda_1279,1M17,-5.31
fda_1280,1M17,-8.47
fda_1280,10GS,-7.85
fda_1283,10GS,-7.64
fda_1283,1M17,-7.28
fda_1284,1M17,-7.47
fda_1284,10GS,-7.36
fda_1285,10GS,-7.6
fda_1285,1M17,-7.5
fda_1286,10GS,-7.86
fda_1286,1M17,-7.44
fda_1287,1M17,-7.99
fda_1287,10GS,-7.56
fda_1288,1M17,-7.49
fda_1288,10GS,-7.09
fda_1289,1M17,-7.57
fda_1289,10GS,-7.35
fda_1292,10GS,-8.11
fda_1293,1M17,-9.44
fda_1293,10GS,-8.13
fda_1297,1M17,-6.74
fda_1297,10GS,-6.34
fda_1298,1M17,-7.99
fda_1298,10GS,-6.99
fda_1299,10GS,-5.78
fda_1299,1M17,-5.59
fda_1300,1M17,-5.82
fda_1300,10GS,-5.7
fda_1301,10GS,-5.56
fda_1301,1M17,-5.28
fda_1302,10GS,-6.09
fda_1302,1M17,-6.07
fda_1303,10GS,-6.86
fda_1304,1M17,-6.51
fda_1304,10GS,-6.14
fda_1311,1M17,-7.74
fda_1311,10GS,-6.94
fda_1312,1M17,-5.57
fda_1312,10GS,-5.36
fda_1313,1M17,-5.39
fda_1313,10GS,-5.05
fda_1315,1M17,-7.63
fda_1315,10GS,-6.75
fda_1316,1M17,-7.4
fda_1316,10GS,-7.1
fda_1317,10GS,-6.82
fda_1317,1M17,-6.73
fda_1318,10GS,-7.3
fda_1318,1M17,-7.12
fda_1333,10GS,-6.47
fda_1334,1M17,-7.74
fda_1334,10GS,-7.71
fda_1335,10GS,-5.73
fda_1336,10GS,-6.78
fda_1336,1M17,-6.75
fda_1337,10GS,-5.49
fda_1338,10GS,-7.41
fda_1338,1M17,-7.26
fda_1339,10GS,-8.19
fda_1340,10GS,-7.66
fda_1344,10GS,-4.41
fda_1345,1M17,-7.59
fda_1345,10GS,-6.5
fda_1347,10GS,-4.81
fda_1348,10GS,-7.13
fda_1348,1M17,-6.84
fda_1350,10GS,-7.06
fda_1352,1M17,-6.77
fda_1352,10GS,-5.64
fda_1354,10GS,-6.35
fda_1356,10GS,-4.58
fda_1357,10GS,-4.54
fda_1358,10GS,-7.28
fda_1358,1M17,-7.0
fda_1359,10GS,-8.47
fda_1360,10GS,-8.82
fda_1360,1M17,-7.67
fda_1364,1M17,-7.47
fda_1364,10GS,-7.33
fda_1365,10GS,-7.42
fda_1367,10GS,-8.26
fda_1368,10GS,-7.51
fda_1368,1M17,-6.66
fda_1369,10GS,-5.14
fda_1370,10GS,-4.92
fda_1374,1M17,-4.11
fda_1377,10GS,-5.91
fda_1380,1M17,-5.71
fda_1380,10GS,-5.54
fda_1381,1M17,-4.44
fda_1381,10GS,-4.0
fda_1383,10GS,-6.48
fda_1383,1M17,-6.19
fda_1384,10GS,-6.4
fda_1384,1M17,-5.8
fda_1385,1M17,-6.76
fda_1385,10GS,-6.48
fda_1386,10GS,-5.97
fda_1386,1M17,-5.93
fda_1387,1M17,-6.08
fda_1387,10GS,-5.95
fda_1388,10GS,-5.72
fda_1388,1M17,-5.68
fda_1389,1M17,-4.82
fda_1390,1M17,-5.17
fda_1391,1M17,-6.69
fda_1391,10GS,-6.0
fda_1392,1M17,-7.09
fda_1392,10GS,-6.9
fda_1393,1M17,-8.47
fda_1393,10GS,-8.01
fda_1394,10GS,-5.05
fda_1395,1M17,-5.71
fda_1395,10GS,-5.69
fda_1396,1M17,-6.02
fda_1396,10GS,-5.9
fda_1397,1M17,-6.8
fda_1397,10GS,-6.67
fda_1398,1M17,-6.12
fda_1398,10GS,-5.92
fda_1399,1M17,-6.19
fda_1399,10GS,-5.91
fda_1400,10GS,-5.65
fda_1401,1M17,-9.16
fda_1401,10GS,-8.35
fda_1403,10GS,-6.08
fda_1403,1M17,-5.91
fda_1407,10GS,-7.94
fda_1409,1M17,-8.42
fda_1409,10GS,-8.31
fda_1410,10GS,-5.16
fda_1412,10GS,-4.95
fda_1417,10GS,-6.64
fda_1418,10GS,-6.28
fda_1421,1M17,-6.32
fda_1421,10GS,-6.09
fda_1423,10GS,-7.19
fda_1423,1M17,-7.09
fda_1424,1M17,-6.4
fda_1424,10GS,-6.24
fda_1427,1M17,-5.66
fda_1428,10GS,-6.65
fda_1429,1M17,-7.93
fda_1429,10GS,-6.62
fda_1430,10GS,-7.54
fda_1435,10GS,-6.68
fda_1437,1M17,-4.8
fda_1437,10GS,-4.75
fda_1438,1M17,-6.7
fda_1438,10GS,-6.07
fda_1441,1M17,-6.75
fda_1441,10GS,-5.98
fda_1442,10GS,-8.48
fda_1442,1M17,-7.81
fda_1445,1M17,-6.62
fda_1445,10GS,-6.43
fda_1446,1M17,-5.74
fda_1446,10GS,-5.41
fda_1447,1M17,-9.79
fda_1447,10GS,-9.39
fda_1448,1M17,-9.4
fda_1448,10GS,-8.29
fda_1449,1M17,-9.59
fda_1449,10GS,-8.39
fda_1450,10GS,-7.34
fda_1451,10GS,-6.0
fda_1454,10GS,-4.72
fda_1456,10GS,-6.15
fda_1456,1M17,-5.93
fda_1457,10GS,-6.3
fda_1458,10GS,-4.48
fda_1459,10GS,-4.29
fda_1461,1M17,-6.08
fda_1461,10GS,-5.85
fda_1462,10GS,-6.56
fda_1462,1M17,-6.52
fda_1463,10GS,-6.49
fda_1467,10GS,-5.1
fda_1468,10GS,-5.33
fda_1469,1M17,-5.91
fda_1469,10GS,-4.98
fda_1470,10GS,-7.24
fda_1471,1M17,-5.11
fda_1471,10GS,-4.6
fda_1472,1M17,-6.07
fda_1472,10GS,-5.55
fda_1474,10GS,-6.74
fda_1474,1M17,-6.47
fda_1475,10GS,-6.75
fda_1475,1M17,-6.15
fda_1477,10GS,-7.39
fda_1479,10GS,-6.94
fda_1480,10GS,-7.04
fda_1481,10GS,-6.81
fda_1481,1M17,-6.53
fda_1482,10GS,-6.95
fda_1486,1M17,-6.95
fda_1486,10GS,-5.95
fda_1487,1M17,-6.8
fda_1487,10GS,-5.89
fda_1488,10GS,-5.25
fda_1489,10GS,-7.08
fda_1489,1M17,-6.94
fda_1491,10GS,-6.6
fda_1492,10GS,-7.67
fda_1496,1M17,-5.86
fda_1496,10GS,-5.34
fda_1497,1M17,-5.95
fda_1497,10GS,-5.31
fda_1498,10GS,-5.1
fda_1499,10GS,-6.03
fda_1500,10GS,-6.5
fda_1500,1M17,-6.23
fda_1501,10GS,-5.96
fda_1501,1M17,-5.45
fda_1502,10GS,-5.51
fda_1502,1M17,-5.36
fda_1503,10GS,-5.6
fda_1503,1M17,-5.46
fda_1504,10GS,-5.91
fda_1504,1M17,-5.7
fda_1505,10GS,-7.46
fda_1506,1M17,-8.42
fda_1506,10GS,-7.95
fda_1507,1M17,-9.06
fda_1507,10GS,-7.67
fda_1508,10GS,-7.82
fda_1509,1M17,-9.76
fda_1509,10GS,-7.79
fda_1510,1M17,-7.93
fda_1510,10GS,-7.79
fda_1511,1M17,-10.31
fda_1511,10GS,-9.31
fda_1512,10GS,-5.36
fda_1512,1M17,-5.05
fda_1513,1M17,-7.47
fda_1513,10GS,-6.51
fda_1514,1M17,-5.44
fda_1514,10GS,-5.35
fda_1516,1M17,-8.43
fda_1516,10GS,-7.89
fda_1517,1M17,-4.75
fda_1517,10GS,-4.09
fda_1519,10GS,-6.97
fda_1522,10GS,-6.9
fda_1523,10GS,-4.58
fda_1525,1M17,-5.0
fda_1526,1M17,-8.31
fda_1526,10GS,-7.91
fda_1528,10GS,-4.52
fda_1529,10GS,-8.49
fda_1530,10GS,-8.31
fda_1531,10GS,-4.69
fda_1532,10GS,-6.4
fda_1533,10GS,-7.29
fda_1534,10GS,-7.61
fda_1538,10GS,-7.06
fda_1540,10GS,-7.17
fda_1546,1M17,-7.56
fda_1546,10GS,-7.38
fda_1548,10GS,-8.01
fda_1548,1M17,-7.52
fda_1550,1M17,-8.0
fda_1550,10GS,-7.48
fda_1551,10GS,-5.88
fda_1551,1M17,-5.87
fda_1552,1M17,-6.15
fda_1552,10GS,-5.48
fda_1554,1M17,-8.56
fda_1554,10GS,-8.17
fda_1558,10GS,-6.7
fda_1558,1M17,-6.42
fda_1559,1M17,-5.59
fda_1559,10GS,-5.4
fda_1560,1M17,-6.68
fda_1560,10GS,-6.38
fda_1562,1M17,-7.47
fda_1562,10GS,-7.25
fda_1563,1M17,-7.98
fda_1563,10GS,-7.24
fda_1568,10GS,-5.99
fda_1568,1M17,-5.88
fda_1570,1M17,-8.35
fda_1570,10GS,-7.74
fda_1571,10GS,-9.2
fda_1572,10GS,-8.51
fda_1578,10GS,-8.86
fda_1578,1M17,-8.4
fda_1579,10GS,-8.6
fda_1580,10GS,-8.25
fda_1582,10GS,-7.96
fda_1582,1M17,-7.18
fda_1583,10GS,-7.68
fda_1584,10GS,-7.36
fda_1584,1M17,-6.95
fda_1585,10GS,-4.73
fda_1586,10GS,-6.61
fda_1586,1M17,-6.3
fda_1592,1M17,-7.6
fda_1592,10GS,-7.43
fda_1593,10GS,-7.31
fda_1593,1M17,-7.26
fda_1594,1M17,-8.06
fda_1594,10GS,-7.48
fda_1595,10GS,-7.59
fda_1596,10GS,-7.26
fda_1597,1M17,-8.46
fda_1597,10GS,-7.4
fda_1600,10GS,-7.85
fda_1600,1M17,-7.57
fda_1601,10GS,-8.09
fda_1601,1M17,-8.08
fda_1602,1M17,-7.72
fda_1602,10GS,-7.38
fda_1606,10GS,-8.37
fda_1606,1M17,-7.98
fda_1607,10GS,-7.98
fda_1608,10GS,-7.88
fda_1608,1M17,-7.72
fda_1609,10GS,-8.12
fda_1610,10GS,-7.46
fda_1611,10GS,-7.01
fda_1614,10GS,-7.55
fda_1614,1M17,-7.49
fda_1615,1M17,-7.73
fda_1615,10GS,-7.44
fda_1617,1M17,-8.1
fda_1617,10GS,-7.55
fda_1619,10GS,-6.17
fda_1619,1M17,-6.09
fda_1620,10GS,-6.05
fda_1621,10GS,-7.44
fda_1621,1M17,-7.34
fda_1622,1M17,-6.51
fda_1622,10GS,-6.22
fda_1623,10GS,-7.29
fda_1624,10GS,-7.36
fda_1626,10GS,-6.53
fda_1627,1M17,-7.67
fda_1627,10GS,-6.87
fda_1628,10GS,-7.13
fda_1629,10GS,-5.55
fda_1630,10GS,-7.59
fda_1630,1M17,-7.18
fda_1631,1M17,-7.07
fda_1631,10GS,-6.76
fda_1632,10GS,-6.87
fda_1633,10GS,-7.12
fda_1634,10GS,-6.87
fda_1635,1M17,-7.18
fda_1635,10GS,-6.8
fda_1636,10GS,-5.9
fda_1637,10GS,-6.77
fda_1638,1M17,-6.98
fda_1638,10GS,-6.85
fda_1639,10GS,-6.52
fda_1640,10GS,-6.5
fda_1641,10GS,-7.86
fda_1642,1M17,-6.89
fda_1642,10GS,-6.82
fda_1644,10GS,-6.83
fda_1645,1M17,-8.77
fda_1645,10GS,-8.09
fda_1646,10GS,-6.49
fda_1647,1M17,-6.52
fda_1647,10GS,-6.18
fda_1648,10GS,-6.19
fda_1649,1M17,-6.62
fda_1649,10GS,-6.36
fda_1650,10GS,-5.84
fda_1651,10GS,-7.0
fda_1651,1M17,-5.87
fda_1653,10GS,-6.39
fda_1653,1M17,-6.18
fda_1654,10GS,-7.55
fda_1655,10GS,-6.95
fda_1656,10GS,-6.37
fda_1657,10GS,-6.12
fda_1658,10GS,-6.49
fda_1659,10GS,-6.2
fda_1662,1M17,-7.13
fda_1662,10GS,-6.08
fda_1666,10GS,-6.95
fda_1666,1M17,-6.68
fda_1668,1M17,-8.32
fda_1668,10GS,-7.81
fda_1669,10GS,-6.64
fda_1670,10GS,-6.17
fda_1671,1M17,-7.14
fda_1671,10GS,-6.58
fda_1672,1M17,-6.53
fda_1672,10GS,-5.84
fda_1673,1M17,-6.43
fda_1673,10GS,-6.31
fda_1674,10GS,-6.33
fda_1676,1M17,-7.94
fda_1676,10GS,-7.5
fda_1677,10GS,-7.03
fda_1678,1M17,-7.25
fda_1678,10GS,-7.01
fda_1679,1M17,-5.03
fda_1679,10GS,-4.87
fda_1682,10GS,-6.18
fda_1683,10GS,-5.33
fda_1685,1M17,-6.59
fda_1685,10GS,-6.52
fda_1687,10GS,-5.98
fda_1688,10GS,-5.98
fda_1689,10GS,-6.05
fda_1691,10GS,-5.66
fda_1692,10GS,-6.3
fda_1692,1M17,-6.19
fda_1693,1M17,-6.28
fda_1693,10GS,-5.79
fda_1694,10GS,-6.15
fda_1695,10GS,-5.68
fda_1695,1M17,-5.04
fda_1696,1M17,-6.89
fda_1696,10GS,-6.53
fda_1698,1M17,-5.28
fda_1698,10GS,-4.78
fda_1699,1M17,-5.11
fda_1699,10GS,-4.66
fda_1700,1M17,-6.72
fda_1700,10GS,-6.71
fda_1702,10GS,-7.56
fda_1703,1M17,-8.51
fda_1703,10GS,-7.39
fda_1705,10GS,-5.8
fda_1705,1M17,-5.78
fda_1706,10GS,-7.76
fda_1708,1M17,-7.16
fda_1708,10GS,-6.86
fda_1709,1M17,-7.68
fda_1709,10GS,-6.67
fda_1711,10GS,-5.87
fda_1711,1M17,-5.76
fda_1715,10GS,-7.12
fda_1716,1M17,-6.67
fda_1716,10GS,-6.07
fda_1719,1M17,-5.78
fda_1719,10GS,-5.63
fda_1720,10GS,-6.56
fda_1720,1M17,-6.35
fda_1721,10GS,-6.15
fda_1722,10GS,-6.21
fda_1722,1M17,-6.21
fda_1725,10GS,-6.68
fda_1725,1M17,-6.12
fda_1726,10GS,-7.69
fda_1726,1M17,-7.6
fda_1728,1M17,-7.04
fda_1730,1M17,-6.76
fda_1730,10GS,-6.26
fda_1731,10GS,-7.74
fda_1731,1M17,-7.63
fda_1732,1M17,-7.39
fda_1732,10GS,-7.27
fda_1733,10GS,-7.47
fda_1734,1M17,-7.02
fda_1734,10GS,-6.85
fda_1735,1M17,-7.24
fda_1735,10GS,-6.97
fda_1736,10GS,-7.54
fda_1736,1M17,-7.53
fda_1737,10GS,-7.28
fda_1739,1M17,-5.89
fda_1739,10GS,-5.83
fda_1740,10GS,-7.75
fda_1741,10GS,-6.57
fda_1743,10GS,-7.14
fda_1743,1M17,-7.0
fda_1744,10GS,-7.33
fda_1744,1M17,-7.21
fda_1745,1M17,-8.85
fda_1745,10GS,-7.85
fda_1746,1M17,-9.43
fda_1746,10GS,-9.31
fda_1747,1M17,-6.76
fda_1747,10GS,-6.57
fda_1749,10GS,-8.05
fda_1750,10GS,-7.17
fda_1751,10GS,-6.22
fda_1752,1M17,-7.2
fda_1752,10GS,-7.17
fda_1753,1M17,-6.59
fda_1754,1M17,-8.11
fda_1754,10GS,-7.69
fda_1756,10GS,-7.16
fda_1756,1M17,-6.71
fda_1757,1M17,-6.52
fda_1757,10GS,-5.96
fda_1758,10GS,-7.55
fda_1758,1M17,-7.55
fda_1759,10GS,-6.51
fda_1760,10GS,-5.88
fda_1761,10GS,-6.29
fda_1762,1M17,-7.88
fda_1762,10GS,-7.19
fda_1763,1M17,-7.7
fda_1763,10GS,-7.18
fda_1765,1M17,-5.81
fda_1765,10GS,-5.77
fda_1766,10GS,-7.31
fda_1768,1M17,-9.03
fda_1768,10GS,-8.03
fda_1769,10GS,-8.77
fda_1770,10GS,-8.46
fda_1772,1M17,-7.16
fda_1772,10GS,-6.48
fda_1773,1M17,-7.75
fda_1773,10GS,-6.58
fda_1774,10GS,-7.0
fda_1775,1M17,-3.29
fda_1775,10GS,-3.19
fda_1776,1M17,-7.32
fda_1776,10GS,-7.3
fda_1779,10GS,-5.83
fda_1780,10GS,-7.56
fda_1780,1M17,-6.96
fda_1781,10GS,-7.01
fda_1781,1M17,-6.77
fda_1782,10GS,-6.42
fda_1783,10GS,-6.52
fda_1784,1M17,-6.15
fda_1784,10GS,-5.99
fda_1785,10GS,-6.32
fda_1785,1M17,-6.08
fda_1786,1M17,-6.68
fda_1786,10GS,-6.08
fda_1787,10GS,-6.21
fda_1788,1M17,-8.78
fda_1788,10GS,-7.77
fda_1789,10GS,-7.04
fda_1790,10GS,-8.06
fda_1791,1M17,-6.97
fda_1791,10GS,-6.69
fda_1793,10GS,-5.88
fda_1796,10GS,-6.39
fda_1796,1M17,-6.23
fda_1799,10GS,-5.89
fda_1799,1M17,-5.61
fda_1800,10GS,-5.59
fda_1801,10GS,-6.11
fda_1803,10GS,-6.15
fda_1804,1M17,-7.1
fda_1804,10GS,-6.97
fda_1805,1M17,-6.58
fda_1805,10GS,-6.13
fda_1806,1M17,-5.97
fda_1806,10GS,-5.78
fda_1807,10GS,-7.52
fda_1812,1M17,-8.38
fda_1812,10GS,-7.45
fda_1813,1M17,-8.23
fda_1813,10GS,-7.93
fda_1814,10GS,-7.09
fda_1821,1M17,-6.34
fda_1822,10GS,-7.93
fda_1824,10GS,-6.89
fda_1825,10GS,-7.06
fda_1825,1M17,-7.01
fda_1826,10GS,-7.56
fda_1826,1M17,-7.31
fda_1827,10GS,-7.51
fda_1828,1M17,-7.31
fda_1828,10GS,-7.2
fda_1829,10GS,-6.33
fda_1830,10GS,-6.31
fda_1830,1M17,-6.28
fda_1831,10GS,-5.96
fda_1833,10GS,-6.03
fda_1834,10GS,-7.18
fda_1834,1M17,-7.17
fda_1837,10GS,-5.04
fda_1842,10GS,-6.53
fda_1842,1M17,-6.46
fda_1843,1M17,-6.46
fda_1843,10GS,-6.3
fda_1844,1M17,-6.58
fda_1844,10GS,-6.32
fda_1847,10GS,-5.85
fda_1849,10GS,-7.14
fda_1850,10GS,-7.0
fda_1851,1M17,-5.63
fda_1851,10GS,-5.48
fda_1852,10GS,-6.31
fda_1852,1M17,-6.25
fda_1853,1M17,-6.34
fda_1853,10GS,-6.22
fda_1854,10GS,-6.36
fda_1854,1M17,-6.32
fda_1855,10GS,-6.64
fda_1855,1M17,-6.34
fda_1857,10GS,-7.58
fda_1861,1M17,-5.57
fda_1861,10GS,-5.24
fda_1862,10GS,-4.39
fda_1862,1M17,-4.34
fda_1863,1M17,-9.78
fda_1863,10GS,-8.67
fda_1868,1M17,-8.53
fda_1868,10GS,-8.17
fda_1869,10GS,-8.06
fda_1869,1M17,-8.04
fda_1871,10GS,-6.46
fda_1871,1M17,-6.39
fda_1872,1M17,-6.67
fda_1872,10GS,-6.11
fda_1873,1M17,-7.51
fda_1873,10GS,-6.9
fda_1874,10GS,-7.15
fda_1874,1M17,-7.07
fda_1876,10GS,-6.17
fda_1876,1M17,-6.07
fda_1880,1M17,-6.57
fda_1880,10GS,-6.13
fda_1883,10GS,-6.96
fda_1883,1M17,-6.55
fda_1887,10GS,-7.05
fda_1891,10GS,-7.24
fda_1893,1M17,-7.42
fda_1893,10GS,-6.57
fda_1894,10GS,-6.67
fda_1894,1M17,-6.54
fda_1895,1M17,-7.42
fda_1895,10GS,-7.29
fda_1896,10GS,-6.36
fda_1897,10GS,-5.99
fda_1898,10GS,-6.66
fda_1899,10GS,-5.9
fda_1899,1M17,-5.63
fda_1900,10GS,-7.65
fda_1903,10GS,-4.56
fda_1904,10GS,-6.31
fda_1907,10GS,-7.45
fda_1909,10GS,-7.65
fda_1910,10GS,-7.77
fda_1912,10GS,-8.27
fda_1913,1M17,-5.96
fda_1913,10GS,-5.83
fda_1916,10GS,-6.4
fda_1916,1M17,-6.24
fda_1918,10GS,-6.01
fda_1918,1M17,-5.59
fda_1919,10GS,-6.03
fda_1919,1M17,-5.57
fda_1920,10GS,-5.77
fda_1920,1M17,-5.63
fda_1921,1M17,-5.1
fda_1921,10GS,-4.85
fda_1922,1M17,-6.87
fda_1922,10GS,-6.23
fda_1923,1M17,-6.57
fda_1924,10GS,-6.75
fda_1924,1M17,-6.74
fda_1925,10GS,-6.85
fda_1925,1M17,-6.28
fda_1928,10GS,-6.98
fda_1928,1M17,-6.95
fda_1929,10GS,-5.91
fda_1930,10GS,-4.97
fda_1931,10GS,-7.4
fda_1931,1M17,-7.08
fda_1932,10GS,-7.03
fda_1933,10GS,-6.8
fda_1936,1M17,-6.52
fda_1936,10GS,-6.23
fda_1937,10GS,-6.34
fda_1937,1M17,-6.14
fda_1940,10GS,-7.61
fda_1940,1M17,-7.41
fda_1941,10GS,-6.27
fda_1941,1M17,-5.94
fda_1942,1M17,-5.88
fda_1942,10GS,-5.41
fda_1943,10GS,-7.64
fda_1943,1M17,-7.33
fda_1946,10GS,-5.12
fda_1946,1M17,-4.94
fda_1947,10GS,-4.95
fda_1948,10GS,-7.07
fda_1948,1M17,-6.43
fda_1949,10GS,-5.96
fda_1949,1M17,-5.89
fda_1951,1M17,-6.86
fda_1951,10GS,-6.59
fda_1952,1M17,-7.04
fda_1952,10GS,-6.32
fda_1953,10GS,-7.1
fda_1955,1M17,-5.44
fda_1955,10GS,-5.23
fda_1956,10GS,-6.89
fda_1957,1M17,-7.12
fda_1957,10GS,-6.79
fda_1959,10GS,-6.21
fda_1960,1M17,-7.03
fda_1960,10GS,-6.36
fda_1961,10GS,-6.28
fda_1962,10GS,-6.15
fda_1965,10GS,-5.94
fda_1965,1M17,-5.46
fda_1966,10GS,-6.72
fda_1966,1M17,-6.54
fda_1967,10GS,-6.74
fda_1967,1M17,-6.29
fda_1968,10GS,-6.92
fda_1969,1M17,-6.27
fda_1969,10GS,-6.2
fda_1970,10GS,-6.38
fda_1971,10GS,-6.99
fda_1971,1M17,-6.74
fda_1972,10GS,-9.03
fda_1973,10GS,-9.22
fda_1974,10GS,-10.63
fda_1975,10GS,-9.83
fda_1976,10GS,-8.72
fda_1977,10GS,-8.13
fda_1978,10GS,-8.83
fda_1979,10GS,-8.61
fda_1984,10GS,-2.37
fda_1984,1M17,-2.33
fda_1985,10GS,-10.64
fda_1985,1M17,-9.51
fda_1994,10GS,-9.33
fda_1999,10GS,-7.41
fda_1999,1M17,-6.67
fda_2000,10GS,-5.54
fda_2002,10GS,-5.84
fda_2003,10GS,-5.72
fda_2004,10GS,-9.14
fda_2005,10GS,-9.03
fda_2006,10GS,-9.28
fda_2007,10GS,-8.98
fda_2008,10GS,-5.94
fda_2009,1M17,-5.77
fda_2009,10GS,-4.71
fda_2010,1M17,-5.78
fda_2010,10GS,-4.74
fda_2011,1M17,-5.76
fda_2011,10GS,-4.78
fda_2012,10GS,-6.73
fda_2013,10GS,-6.95
fda_2013,1M17,-6.87
fda_2014,10GS,-7.59
fda_2015,10GS,-7.03
fda_2021,1M17,-7.65
fda_2021,10GS,-6.33
fda_2022,1M17,-7.45
fda_2022,10GS,-7.01
fda_2023,10GS,-8.04
fda_2023,1M17,-8.0
fda_2024,1M17,-8.14
fda_2024,10GS,-7.54
fda_2025,10GS,-8.05
fda_2025,1M17,-7.02
fda_2026,10GS,-8.14
fda_2026,1M17,-7.19
fda_2027,1M17,-7.12
fda_2027,10GS,-6.43
fda_2028,10GS,-7.97
fda_2028,1M17,-6.46
fda_2029,1M17,-6.83
fda_2029,10GS,-6.42
fda_2030,1M17,-3.87
fda_2030,10GS,-3.76
fda_2036,10GS,-6.88
fda_2040,10GS,-6.43
fda_2042,10GS,-5.78
fda_2043,10GS,-6.28
fda_2047,1M17,-8.29
fda_2047,10GS,-8.15
fda_2048,10GS,-3.46
fda_2049,10GS,-9.41
fda_2055,10GS,-6.81
fda_2066,1M17,-8.2
fda_2066,10GS,-7.66
fda_2067,10GS,-7.23
fda_2068,1M17,-8.46
fda_2068,10GS,-7.99
fda_2069,1M17,-8.07
fda_2069,10GS,-7.03
fda_2074,10GS,-6.8
fda_2074,1M17,-6.52
fda_2075,10GS,-8.09
fda_2075,1M17,-6.52
fda_2076,10GS,-7.48
fda_2076,1M17,-7.07
fda_2077,10GS,-8.16
fda_2077,1M17,-7.41
fda_2080,10GS,-6.71
fda_2081,1M17,-6.79
fda_2081,10GS,-6.77
fda_2082,10GS,-7.07
fda_2082,1M17,-6.71
fda_2083,10GS,-6.46
fda_2085,10GS,-5.79
fda_2088,1M17,-5.7
fda_2088,10GS,-5.03
fda_2089,10GS,-7.26
fda_2089,1M17,-6.88
fda_2090,10GS,-7.41
fda_2090,1M17,-6.99
fda_2099,10GS,-6.26
fda_2101,10GS,-6.48
fda_2104,10GS,-6.12
fda_2105,10GS,-8.86
fda_2106,10GS,-6.93
fda_2107,10GS,-6.92
fda_2111,10GS,-6.17
fda_2113,1M17,-5.21
fda_2114,10GS,-7.63
fda_2115,1M17,-7.8
fda_2115,10GS,-7.34
fda_2116,10GS,-7.75
fda_2117,10GS,-8.23
fda_2120,10GS,-7.69
fda_2122,10GS,-7.55
fda_2122,1M17,-7.39
fda_2123,1M17,-7.35
fda_2123,10GS,-6.8
fda_2124,1M17,-7.56
fda_2125,10GS,-4.27
fda_2125,1M17,-3.9
fda_2128,10GS,-7.03
fda_2128,1M17,-6.88
fda_2129,1M17,-6.66
fda_2129,10GS,-6.28
fda_2130,10GS,-6.28
fda_2130,1M17,-6.05
fda_2131,1M17,-7.19
fda_2131,10GS,-6.92
fda_2132,1M17,-6.73
fda_2132,10GS,-6.34
fda_2134,1M17,-7.45
fda_2134,10GS,-6.62
fda_2135,10GS,-7.5
fda_2136,1M17,-7.28
fda_2136,10GS,-6.45
fda_2137,1M17,-5.65
fda_2137,10GS,-5.3
fda_2138,1M17,-5.66
fda_2138,10GS,-5.16
fda_2139,10GS,-5.48
fda_2139,1M17,-5.48
fda_2140,10GS,-6.1
fda_2140,1M17,-5.43
fda_2141,10GS,-5.98
fda_2141,1M17,-5.79
fda_2142,1M17,-6.8
fda_2142,10GS,-5.68
fda_2146,10GS,-4.29
fda_2147,10GS,-6.54
fda_2148,1M17,-6.75
fda_2148,10GS,-6.48
fda_2151,1M17,-7.24
fda_2151,10GS,-7.11
fda_2152,10GS,-7.65
fda_2153,10GS,-6.96
fda_2158,1M17,-7.2
fda_2158,10GS,-7.01
fda_2159,10GS,-7.1
fda_2161,10GS,-6.23
fda_2162,10GS,-7.14
fda_2162,1M17,-6.76
fda_2163,1M17,-6.76
fda_2163,10GS,-6.2
fda_2165,10GS,-6.91
fda_2166,10GS,-6.16
fda_2166,1M17,-6.12
fda_2167,10GS,-8.73
fda_2168,1M17,-5.11
fda_2169,10GS,-5.22
fda_2170,10GS,-8.2
fda_2170,1M17,-7.87
fda_2171,1M17,-5.91
fda_2171,10GS,-5.78
fda_2172,1M17,-7.5
fda_2172,10GS,-7.46
fda_2175,1M17,-8.04
fda_2175,10GS,-7.01
fda_2176,1M17,-7.45
fda_2176,10GS,-6.93
fda_2177,10GS,-7.35
fda_2177,1M17,-6.88
fda_2178,10GS,-8.15
fda_2178,1M17,-7.94
fda_2179,10GS,-6.61
fda_2179,1M17,-6.4
fda_2180,1M17,-6.41
fda_2180,10GS,-5.96
fda_2181,10GS,-7.43
fda_2181,1M17,-7.21
fda_2182,10GS,-8.44
fda_2182,1M17,-7.32
fda_2184,1M17,-6.76
fda_2184,10GS,-6.75
fda_2185,10GS,-7.19
fda_2185,1M17,-6.73
fda_2192,10GS,-6.15
fda_2194,10GS,-7.52
fda_2194,1M17,-7.06
fda_2195,10GS,-6.06
fda_2195,1M17,-5.74
fda_2196,1M17,-6.39
fda_2197,1M17,-6.3
fda_2197,10GS,-6.15
fda_2199,10GS,-5.37
fda_2200,1M17,-6.96
fda_2200,10GS,-6.63
fda_2201,10GS,-8.41
fda_2202,10GS,-7.38
fda_2203,10GS,-6.74
fda_2204,10GS,-5.81
fda_2204,1M17,-5.7
fda_2205,10GS,-6.48
fda_2207,10GS,-4.76
fda_2209,10GS,-7.36
fda_2209,1M17,-6.92
fda_2211,10GS,-5.86
fda_2211,1M17,-5.32
fda_2212,10GS,-7.36
fda_2212,1M17,-6.87
fda_2213,10GS,-7.26
fda_2213,1M17,-6.72
fda_2214,10GS,-7.46
fda_2215,1M17,-7.24
fda_2215,10GS,-6.52
fda_2216,10GS,-7.54
fda_2218,1M17,-6.99
fda_2218,10GS,-6.63
fda_2219,1M17,-7.5
fda_2219,10GS,-7.03
fda_2220,10GS,-7.73
fda_2220,1M17,-6.61
fda_2221,10GS,-6.5
fda_2223,1M17,-5.74
fda_2223,10GS,-5.71
fda_2225,10GS,-8.5
fda_2226,10GS,-8.25
fda_2227,10GS,-8.47
fda_2228,10GS,-8.26
fda_2230,1M17,-9.2
fda_2230,10GS,-8.21
fda_2231,1M17,-8.4
fda_2231,10GS,-7.97
fda_2232,1M17,-7.59
fda_2232,10GS,-7.43
fda_2233,10GS,-7.28
fda_2233,1M17,-7.25
fda_2234,1M17,-7.49
fda_2234,10GS,-7.42
fda_2235,10GS,-7.55
fda_2236,10GS,-6.1
fda_2237,10GS,-5.97
fda_2238,10GS,-5.78
fda_2239,10GS,-7.07
fda_2240,10GS,-6.6
fda_2240,1M17,-6.13
fda_2241,10GS,-7.18
fda_2242,10GS,-6.79
fda_2243,1M17,-8.19
fda_2243,10GS,-7.98
fda_2244,10GS,-7.95
fda_2245,10GS,-8.38
fda_2245,1M17,-8.2
fda_2246,1M17,-8.12
fda_2246,10GS,-8.06
fda_2247,10GS,-5.94
fda_2247,1M17,-5.89
fda_2248,10GS,-6.51
fda_2250,10GS,-8.0
fda_2251,10GS,-8.64
fda_2253,10GS,-6.47
fda_2256,1M17,-7.7
fda_2256,10GS,-7.28
fda_2257,1M17,-7.79
fda_2257,10GS,-7.41
fda_2258,1M17,-7.99
fda_2258,10GS,-7.55
fda_2259,10GS,-7.67
fda_2264,10GS,-7.62
fda_2265,10GS,-8.13
fda_2266,1M17,-8.61
fda_2266,10GS,-8.08
fda_2267,1M17,-8.97
fda_2267,10GS,-8.56
fda_2268,10GS,-7.52
fda_2268,1M17,-7.46
fda_2269,1M17,-7.35
fda_2269,10GS,-7.02
fda_2270,1M17,-8.63
fda_2270,10GS,-8.18
fda_2271,1M17,-8.53
fda_2271,10GS,-7.96
fda_2272,1M17,-7.66
fda_2272,10GS,-7.15
fda_2273,1M17,-7.67
fda_2273,10GS,-7.63
fda_2274,1M17,-7.77
fda_2274,10GS,-7.7
fda_2275,1M17,-8.52
fda_2275,10GS,-7.46
fda_2276,10GS,-7.67
fda_2277,1M17,-8.21
fda_2277,10GS,-7.69
fda_2278,1M17,-8.03
fda_2278,10GS,-7.4
fda_2279,10GS,-8.11
fda_2279,1M17,-7.73
fda_2280,10GS,-8.32
fda_2280,1M17,-8.02
fda_2281,1M17,-9.36
fda_2281,10GS,-8.48
fda_2282,1M17,-9.61
fda_2282,10GS,-8.63
fda_2283,10GS,-9.35
fda_2283,1M17,-9.13
fda_2284,1M17,-7.95
fda_2284,10GS,-7.87
fda_2285,1M17,-7.3
fda_2285,10GS,-6.84
fda_2286,10GS,-5.15
fda_2287,10GS,-6.33
fda_2290,1M17,-4.33
fda_2290,10GS,-4.01
fda_2293,10GS,-4.61
fda_2294,10GS,-4.83
fda_2296,10GS,-4.35
fda_2299,10GS,-4.36
fda_2303,1M17,-7.57
fda_2303,10GS,-6.92
fda_2305,10GS,-6.99
fda_2305,1M17,-6.83
fda_2311,1M17,-7.76
fda_2311,10GS,-7.73
fda_2312,1M17,-7.55
fda_2312,10GS,-7.25
fda_2313,10GS,-7.44
fda_2313,1M17,-7.26
fda_2314,10GS,-5.72
fda_2314,1M17,-5.23
fda_2315,10GS,-6.2
fda_2316,10GS,-6.4
fda_2317,1M17,-9.24
fda_2317,10GS,-7.92
fda_2318,1M17,-7.34
fda_2319,1M17,-7.8
fda_2319,10GS,-7.63
fda_2320,10GS,-7.86
fda_2320,1M17,-7.17
fda_2321,10GS,-8.76
fda_2324,1M17,-6.27
fda_2324,10GS,-6.09
fda_2327,1M17,-6.74
fda_2327,10GS,-6.7
fda_2328,1M17,-5.89
fda_2328,10GS,-5.83
fda_2330,10GS,-7.21
fda_2331,10GS,-6.2
fda_2332,10GS,-7.2
fda_2332,1M17,-7.07
fda_2333,1M17,-7.22
fda_2333,10GS,-6.12
fda_2334,10GS,-7.75
fda_2334,1M17,-7.07
fda_2335,1M17,-8.53
fda_2335,10GS,-8.0
fda_2337,1M17,-7.63
fda_2337,10GS,-7.35
fda_2340,10GS,-6.92
fda_2341,10GS,-6.93
fda_2341,1M17,-6.27
fda_2343,10GS,-5.83
fda_2343,1M17,-5.38
fda_2344,10GS,-8.2
fda_2344,1M17,-8.03
fda_2345,1M17,-8.45
fda_2345,10GS,-8.38
fda_2346,10GS,-5.26
fda_2354,1M17,-8.56
fda_2354,10GS,-7.91
fda_2355,10GS,-6.06
fda_2355,1M17,-5.97
fda_2356,10GS,-7.11
fda_2356,1M17,-6.86
fda_2357,10GS,-7.78
fda_2357,1M17,-7.58
fda_2358,1M17,-8.35
fda_2358,10GS,-7.56
fda_2359,1M17,-6.48
fda_2359,10GS,-6.31
fda_2360,10GS,-6.04
fda_2361,10GS,-6.68
fda_2361,1M17,-6.52
fda_2362,1M17,-8.04
fda_2362,10GS,-7.45
fda_2364,1M17,-6.92
fda_2364,10GS,-6.9
fda_2365,1M17,-8.26
fda_2365,10GS,-7.37
fda_2366,10GS,-7.06
fda_2367,1M17,-6.42
fda_2367,10GS,-6.27
fda_2372,1M17,-8.61
fda_2372,10GS,-8.32
fda_2373,1M17,-8.21
fda_2373,10GS,-7.82
fda_2375,10GS,-4.62
fda_2378,10GS,-6.37
fda_2378,1M17,-6.19
fda_2379,1M17,-7.01
fda_2379,10GS,-6.44
fda_2385,10GS,-7.42
fda_2386,1M17,-7.18
fda_2386,10GS,-6.99
fda_2388,1M17,-7.05
fda_2388,10GS,-6.92
fda_2389,1M17,-4.12
fda_2390,10GS,-8.45
fda_2391,1M17,-5.95
fda_2391,10GS,-5.38
fda_2392,10GS,-4.59
fda_2393,10GS,-5.07
fda_2394,10GS,-5.81
fda_2395,1M17,-6.75
fda_2395,10GS,-6.34
fda_2396,1M17,-5.67
fda_2396,10GS,-5.21
fda_2397,1M17,-5.27
fda_2397,10GS,-5.18
fda_2398,1M17,-6.39
fda_2399,1M17,-5.88
fda_2399,10GS,-5.51
fda_2400,10GS,-5.86
fda_2401,10GS,-7.2
fda_2401,1M17,-7.13
fda_2402,1M17,-6.33
fda_2402,10GS,-6.06
fda_2403,1M17,-5.85
fda_2403,10GS,-5.82
fda_2404,1M17,-5.76
fda_2404,10GS,-5.71
fda_2406,10GS,-5.8
fda_2406,1M17,-5.63
fda_2408,1M17,-5.5
fda_2408,10GS,-5.33
fda_2409,1M17,-4.98
fda_2409,10GS,-4.74
fda_2410,10GS,-4.57
fda_2411,1M17,-5.65
fda_2411,10GS,-5.49
fda_2412,1M17,-5.74
fda_2412,10GS,-5.29
fda_2417,10GS,-5.67
fda_2420,10GS,-7.58
fda_2422,10GS,-7.26
fda_2423,10GS,-7.45
fda_2425,1M17,-8.35
fda_2425,10GS,-8.19
fda_2426,1M17,-8.39
fda_2426,10GS,-8.27
fda_2427,1M17,-8.61
fda_2427,10GS,-8.19
fda_2428,1M17,-8.96
fda_2428,10GS,-8.37
fda_2434,1M17,-8.62
fda_2434,10GS,-8.15
fda_2435,10GS,-7.93
fda_2435,1M17,-7.7
fda_2436,10GS,-7.95
fda_2437,10GS,-8.55
fda_2438,10GS,-8.02
fda_2441,10GS,-8.02
fda_2442,10GS,-8.06
fda_2443,10GS,-8.47
fda_2444,10GS,-7.42
fda_2445,10GS,-5.97
fda_2446,10GS,-6.01
fda_2448,10GS,-5.96
fda_2452,1M17,-8.41
fda_2452,10GS,-7.97
fda_2453,10GS,-8.04
fda_2454,10GS,-7.71
fda_2455,10GS,-7.69
fda_2459,10GS,-8.44
fda_2460,10GS,-8.69
fda_2460,1M17,-8.24
fda_2461,10GS,-8.51
fda_2461,1M17,-8.28
fda_2463,10GS,-7.95
fda_2464,10GS,-7.98
fda_2465,1M17,-7.77
fda_2465,10GS,-7.64
fda_2466,1M17,-8.16
fda_2466,10GS,-7.71
fda_2467,10GS,-7.94
fda_2467,1M17,-7.26
fda_2468,1M17,-8.72
fda_2468,10GS,-7.83
fda_2469,10GS,-7.89
fda_2469,1M17,-6.39
fda_2470,1M17,-6.93
fda_2470,10GS,-6.53
fda_2471,10GS,-6.88
fda_2472,1M17,-7.67
fda_2472,10GS,-7.09
fda_2473,10GS,-6.9
fda_2474,10GS,-6.77
fda_2475,1M17,-7.33
fda_2475,10GS,-6.96
fda_2476,1M17,-8.46
fda_2476,10GS,-7.96
fda_2477,10GS,-8.15
fda_2477,1M17,-8.06
fda_2478,10GS,-8.04
fda_2479,10GS,-8.1
fda_2479,1M17,-7.88
fda_2480,10GS,-7.32
fda_2481,10GS,-8.29
fda_2482,10GS,-8.49
fda_2483,10GS,-6.33
fda_2485,10GS,-5.86
fda_2487,10GS,-6.68
fda_2488,10GS,-6.55
fda_2489,10GS,-6.98
fda_2490,1M17,-7.91
fda_2490,10GS,-7.13
fda_2491,10GS,-6.82
fda_2492,1M17,-7.71
fda_2492,10GS,-6.78
fda_2493,10GS,-7.23
fda_2494,1M17,-7.4
fda_2494,10GS,-7.13
fda_2495,1M17,-7.77
fda_2495,10GS,-7.57
fda_2496,1M17,-7.88
fda_2496,10GS,-7.37
fda_2500,10GS,-7.71
fda_2501,10GS,-7.67
fda_2502,10GS,-7.77
fda_2503,1M17,-7.63
fda_2503,10GS,-7.38
fda_2505,10GS,-7.89
fda_2506,1M17,-6.35
fda_2506,10GS,-6.21
fda_2508,1M17,-5.82
fda_2508,10GS,-4.73
fda_2509,10GS,-4.61
fda_2510,1M17,-5.16
fda_2510,10GS,-4.62
fda_2511,1M17,-5.05
fda_2511,10GS,-4.85
fda_2513,10GS,-8.49
fda_2513,1M17,-7.92
fda_2514,10GS,-7.52
fda_2514,1M17,-7.29
fda_2515,1M17,-7.6
fda_2515,10GS,-7.27
fda_2516,10GS,-7.4
fda_2516,1M17,-7.15
fda_2517,1M17,-5.81
fda_2517,10GS,-5.75
fda_2522,10GS,-6.75
fda_2523,10GS,-7.16
fda_2523,1M17,-6.93
fda_2524,10GS,-7.18
fda_2525,1M17,-6.79
fda_2525,10GS,-6.72
fda_2526,10GS,-6.31
fda_2526,1M17,-6.27
fda_2527,10GS,-7.66
fda_2528,10GS,-7.5
fda_2530,10GS,-8.17
fda_2531,10GS,-8.13
fda_2531,1M17,-7.44
fda_2532,10GS,-5.97
fda_2533,10GS,-5.91
fda_2534,10GS,-6.22
fda_2535,10GS,-6.06
fda_2543,10GS,-7.0
fda_2544,10GS,-7.08
fda_2544,1M17,-6.99
fda_2545,1M17,-7.66
fda_2545,10GS,-7.59
fda_2546,1M17,-8.72
fda_2546,10GS,-8.15
fda_2547,10GS,-8.03
fda_2547,1M17,-8.01
fda_2548,1M17,-8.92
fda_2548,10GS,-7.85
fda_2549,1M17,-8.78
fda_2549,10GS,-7.01
fda_2550,1M17,-8.75
fda_2550,10GS,-8.09
fda_2551,1M17,-8.59
fda_2551,10GS,-8.5
fda_2552,1M17,-8.8
fda_2552,10GS,-7.67
fda_2553,1M17,-7.61
fda_2553,10GS,-7.38
fda_2554,1M17,-7.76
fda_2554,10GS,-7.5
fda_2555,1M17,-7.61
fda_2555,10GS,-7.59
fda_2556,10GS,-7.95
fda_2557,10GS,-8.15
fda_2558,10GS,-8.08
fda_2558,1M17,-7.96
fda_2559,10GS,-8.69
fda_2560,10GS,-7.82
fda_2561,10GS,-8.16
fda_2561,1M17,-8.09
fda_2562,10GS,-7.71
fda_2563,10GS,-7.75
fda_2564,10GS,-7.4
fda_2565,10GS,-7.8
fda_2566,10GS,-7.8
fda_2567,10GS,-7.83
fda_2568,10GS,-7.82
fda_2569,10GS,-7.92
fda_2570,10GS,-8.07
fda_2570,1M17,-7.89
fda_2571,10GS,-7.6
fda_2572,1M17,-7.28
fda_2572,10GS,-7.15
fda_2573,10GS,-7.43
fda_2574,10GS,-8.04
fda_2575,10GS,-8.77
fda_2576,10GS,-7.91
fda_2577,10GS,-8.11
fda_2578,10GS,-8.62
fda_2579,10GS,-6.37
fda_2580,10GS,-8.55
fda_2581,1M17,-8.8
fda_2581,10GS,-8.46
fda_2582,10GS,-8.53
fda_2583,10GS,-8.59
fda_2585,10GS,-7.45
fda_2586,10GS,-8.89
fda_2590,10GS,-6.6
fda_2591,10GS,-6.46
fda_2594,10GS,-8.6
fda_2595,10GS,-8.31
fda_2595,1M17,-7.55
fda_2596,10GS,-8.14
fda_2596,1M17,-8.06
fda_2597,1M17,-8.08
fda_2597,10GS,-7.85
fda_2602,10GS,-8.47
fda_2603,10GS,-7.44
fda_2604,10GS,-8.3
fda_2604,1M17,-7.93
fda_2605,10GS,-7.98
fda_2605,1M17,-7.25
fda_2606,10GS,-7.47
fda_2606,1M17,-7.19
fda_2607,1M17,-7.2
fda_2607,10GS,-7.0
fda_2608,1M17,-7.57
fda_2608,10GS,-7.11
fda_2609,1M17,-7.62
fda_2609,10GS,-7.12
fda_2610,1M17,-7.74
fda_2610,10GS,-7.21
fda_2613,1M17,-7.67
fda_2613,10GS,-7.14
fda_2614,10GS,-7.49
fda_2615,1M17,-7.35
fda_2615,10GS,-7.22
fda_2616,1M17,-7.24
fda_2616,10GS,-6.98
fda_2617,1M17,-7.77
fda_2617,10GS,-7.18
fda_2618,1M17,-7.96
fda_2618,10GS,-7.81
fda_2619,1M17,-8.22
fda_2619,10GS,-7.62
fda_2620,1M17,-8.47
fda_2620,10GS,-7.57
fda_2624,10GS,-7.49
fda_2624,1M17,-7.37
fda_2625,10GS,-7.46
fda_2625,1M17,-7.13
fda_2626,10GS,-7.08
fda_2627,1M17,-7.76
fda_2627,10GS,-7.59
fda_2628,10GS,-8.64
fda_2628,1M17,-8.02
fda_2629,10GS,-8.51
fda_2629,1M17,-7.05
fda_2630,1M17,-7.49
fda_2630,10GS,-7.34
fda_2631,10GS,-7.5
fda_2631,1M17,-7.32
fda_2632,10GS,-8.89
fda_2633,10GS,-8.85
fda_2633,1M17,-7.82
fda_2634,10GS,-8.12
fda_2634,1M17,-7.5
fda_2635,10GS,-8.07
fda_2635,1M17,-7.29
fda_2636,1M17,-7.15
fda_2636,10GS,-6.98
fda_2637,10GS,-7.13
fda_2637,1M17,-7.0
fda_2638,1M17,-8.25
fda_2638,10GS,-7.76
fda_2639,10GS,-7.86
fda_2639,1M17,-7.32
fda_2640,10GS,-6.89
fda_2641,10GS,-7.56
fda_2641,1M17,-7.41
fda_2642,10GS,-7.29
fda_2642,1M17,-7.13
fda_2643,10GS,-8.04
fda_2644,10GS,-8.46
fda_2645,10GS,-9.2
fda_2646,10GS,-8.0
fda_2647,10GS,-8.12
fda_2647,1M17,-7.91
fda_2652,1M17,-8.3
fda_2652,10GS,-8.04
fda_2653,10GS,-8.34
fda_2653,1M17,-8.28
fda_2654,10GS,-8.31
fda_2654,1M17,-7.84
fda_2655,10GS,-8.49
fda_2655,1M17,-7.89
fda_2656,1M17,-7.49
fda_2656,10GS,-7.17
fda_2657,10GS,-8.42
fda_2657,1M17,-7.97
fda_2658,1M17,-8.39
fda_2658,10GS,-7.59
fda_2659,1M17,-8.34
fda_2659,10GS,-7.85
fda_2660,10GS,-8.03
fda_2661,1M17,-7.27
fda_2661,10GS,-6.97
fda_2662,1M17,-7.18
fda_2662,10GS,-6.74
fda_2663,10GS,-7.32
fda_2663,1M17,-7.11
fda_2664,10GS,-8.85
fda_2664,1M17,-8.05
fda_2665,10GS,-8.66
fda_2665,1M17,-8.13
fda_2666,1M17,-8.13
fda_2666,10GS,-7.92
fda_2672,1M17,-7.36
fda_2672,10GS,-6.77
fda_2673,1M17,-6.97
fda_2673,10GS,-6.82
fda_2674,10GS,-4.58
fda_2679,10GS,-5.58
fda_2684,1M17,-6.75
fda_2684,10GS,-6.44
fda_2685,10GS,-6.78
fda_2686,10GS,-8.84
fda_2687,1M17,-9.04
fda_2687,10GS,-8.46
fda_2688,1M17,-7.88
fda_2688,10GS,-7.06
fda_2689,10GS,-7.92
fda_2690,10GS,-7.26
fda_2690,1M17,-7.25
fda_2691,10GS,-6.84
fda_2693,10GS,-7.76
fda_2696,10GS,-8.09
fda_2697,10GS,-8.3
fda_2698,10GS,-7.97
fda_2699,10GS,-8.07
fda_2700,10GS,-8.62
fda_2701,1M17,-7.92
fda_2701,10GS,-7.61
fda_2702,10GS,-8.08
fda_2703,10GS,-8.06
fda_2703,1M17,-7.85
fda_2707,10GS,-8.51
fda_2707,1M17,-7.69
fda_2708,10GS,-8.3
fda_2708,1M17,-7.12
fda_2709,10GS,-7.82
fda_2709,1M17,-7.61
fda_2710,10GS,-7.91
fda_2710,1M17,-7.52
fda_2715,10GS,-9.13
fda_2716,10GS,-8.1
fda_2717,10GS,-7.75
fda_2718,1M17,-7.82
fda_2718,10GS,-7.43
fda_2719,10GS,-6.95
fda_2724,1M17,-7.76
fda_2724,10GS,-6.83
fda_2725,10GS,-7.4
fda_2725,1M17,-7.19
fda_2726,1M17,-7.64
fda_2726,10GS,-7.43
fda_2727,10GS,-7.77
fda_2727,1M17,-7.36
fda_2728,10GS,-7.11
fda_2729,10GS,-8.48
fda_2730,10GS,-8.36
fda_2731,10GS,-8.44
fda_2732,10GS,-8.28
fda_2733,10GS,-7.79
fda_2734,1M17,-7.54
fda_2734,10GS,-7.53
fda_2735,10GS,-7.48
fda_2736,10GS,-8.71
fda_2737,1M17,-8.16
fda_2737,10GS,-7.71
fda_2738,10GS,-9.19
fda_2738,1M17,-7.71
fda_2739,10GS,-8.39
fda_2739,1M17,-7.31
fda_2740,10GS,-7.78
fda_2740,1M17,-7.28
fda_2741,10GS,-8.51
fda_2741,1M17,-7.4
fda_2742,10GS,-9.26
fda_2742,1M17,-9.0
fda_2743,1M17,-9.26
fda_2743,10GS,-8.63
fda_2744,10GS,-9.07
fda_2744,1M17,-8.78
fda_2745,10GS,-9.23
fda_2745,1M17,-9.05
fda_2746,10GS,-6.29
fda_2747,10GS,-8.12
fda_2748,10GS,-7.48
fda_2749,1M17,-8.54
fda_2749,10GS,-7.81
fda_2750,10GS,-7.76
fda_2751,10GS,-8.28
fda_2751,1M17,-7.55
fda_2753,10GS,-7.18
fda_2754,10GS,-6.19
fda_2755,10GS,-7.93
fda_2755,1M17,-7.92
fda_2756,10GS,-7.72
fda_2756,1M17,-7.52
fda_2757,10GS,-7.78
fda_2758,10GS,-8.68
fda_2758,1M17,-7.34
fda_2759,10GS,-8.53
fda_2759,1M17,-7.6
fda_2760,10GS,-7.71
fda_2761,1M17,-7.8
fda_2761,10GS,-7.76
fda_2762,1M17,-8.1
fda_2762,10GS,-7.15
fda_2763,10GS,-7.24
fda_2766,10GS,-6.34
fda_2766,1M17,-6.03
fda_2768,10GS,-5.54
fda_2770,10GS,-6.8
fda_2771,1M17,-6.84
fda_2771,10GS,-6.75
fda_2772,1M17,-6.83
fda_2772,10GS,-6.8
fda_2773,1M17,-6.31
fda_2774,10GS,-7.42
fda_2774,1M17,-7.37
fda_2776,10GS,-7.78
fda_2776,1M17,-7.57
fda_2777,10GS,-7.62
fda_2777,1M17,-7.1
fda_2778,1M17,-7.91
fda_2778,10GS,-7.64
fda_2779,10GS,-7.56
fda_2780,10GS,-7.34
fda_2781,10GS,-7.3
fda_2782,10GS,-7.05
fda_2783,1M17,-7.7
fda_2783,10GS,-7.38
fda_2784,10GS,-4.3
fda_2784,1M17,-4.06
fda_2785,10GS,-4.12
fda_2785,1M17,-3.97
fda_2786,1M17,-7.87
fda_2786,10GS,-7.78
fda_2789,10GS,-6.69
fda_2789,1M17,-6.31
fda_2790,10GS,-6.38
fda_2790,1M17,-5.19
fda_2791,10GS,-7.61
fda_2791,1M17,-7.38
fda_2792,10GS,-6.95
fda_2792,1M17,-6.66
fda_2793,10GS,-7.08
fda_2796,1M17,-6.74
fda_2796,10GS,-6.33
fda_2797,1M17,-7.4
fda_2797,10GS,-7.13
fda_2799,10GS,-8.07
fda_2800,1M17,-8.23
fda_2800,10GS,-8.19
fda_2806,1M17,-6.33
fda_2806,10GS,-5.9
fda_2808,10GS,-7.95
fda_2810,10GS,-5.36
fda_2816,10GS,-8.42
fda_2816,1M17,-8.4
fda_2817,10GS,-7.78
fda_2817,1M17,-7.42
fda_2818,1M17,-5.53
fda_2818,10GS,-5.2
fda_2819,10GS,-5.38
fda_2820,1M17,-5.46
fda_2820,10GS,-5.22
fda_2821,10GS,-5.38
fda_2822,1M17,-7.39
fda_2822,10GS,-6.81
fda_2824,10GS,-7.32
fda_2825,10GS,-7.86
fda_2825,1M17,-7.63
fda_2826,1M17,-5.88
fda_2826,10GS,-5.82
fda_2827,1M17,-7.68
fda_2827,10GS,-7.42
fda_2828,1M17,-7.35
fda_2828,10GS,-7.15
fda_2832,10GS,-6.55
fda_2832,1M17,-5.67
fda_2835,10GS,-5.64
fda_2836,10GS,-5.17
fda_2838,10GS,-6.02
fda_2842,10GS,-5.28
fda_2844,10GS,-7.24
fda_2846,10GS,-7.72
fda_2847,10GS,-7.84
fda_2852,1M17,-6.47
fda_2852,10GS,-6.03
fda_2854,1M17,-7.16
fda_2854,10GS,-7.04
fda_2855,10GS,-7.09
fda_2856,10GS,-7.63
fda_2856,1M17,-7.39
fda_2857,10GS,-7.76
fda_2858,10GS,-5.76
fda_2859,10GS,-6.2
fda_2867,10GS,-8.32
fda_2868,10GS,-7.62
fda_2869,10GS,-8.05
fda_2870,10GS,-8.02
fda_2871,10GS,-5.68
fda_2873,10GS,-5.71
fda_2876,10GS,-7.14
fda_2877,10GS,-7.86
fda_2878,10GS,-6.66
fda_2880,10GS,-8.11
fda_2881,10GS,-7.95
fda_2882,10GS,-8.15
fda_2883,10GS,-8.12
fda_2884,10GS,-7.52
fda_2885,10GS,-7.32
fda_2886,10GS,-8.21
fda_2887,10GS,-6.85
fda_2888,10GS,-7.42
fda_2889,10GS,-7.69
fda_2890,10GS,-7.49
fda_2891,10GS,-7.48
fda_2899,10GS,-6.04
fda_2900,10GS,-7.68
fda_2901,1M17,-5.15
fda_2901,10GS,-5.0
fda_2905,1M17,-4.2
fda_2905,10GS,-3.86
fda_2906,10GS,-5.71
fda_2907,10GS,-5.72
fda_2907,1M17,-5.33
fda_2908,1M17,-5.09
fda_2908,10GS,-4.77
fda_2909,10GS,-5.27
fda_2910,1M17,-6.52
fda_2910,10GS,-5.77
fda_2911,1M17,-6.94
fda_2911,10GS,-6.47
fda_2912,10GS,-5.99
fda_2913,1M17,-5.15
fda_2913,10GS,-5.02
fda_2915,1M17,-4.92
fda_2915,10GS,-4.88
fda_2918,10GS,-6.06
fda_2920,1M17,-5.09
fda_2920,10GS,-4.53
fda_2922,1M17,-4.47
fda_2922,10GS,-4.25
fda_2923,1M17,-5.36
fda_2923,10GS,-5.35
fda_2926,1M17,-6.35
fda_2926,10GS,-6.02
fda_2927,1M17,-4.61
fda_2928,10GS,-6.19
fda_2929,10GS,-4.94
fda_2930,10GS,-6.09
fda_2930,1M17,-5.38
fda_2931,10GS,-7.45
fda_2932,1M17,-6.18
fda_2932,10GS,-6.07
fda_2933,10GS,-4.99
fda_2934,10GS,-4.27
fda_2934,1M17,-4.0
fda_2935,10GS,-4.45
fda_2937,1M17,-6.5
fda_2937,10GS,-6.06
fda_2939,1M17,-5.37
fda_2939,10GS,-4.82
fda_2942,10GS,-7.24
fda_2943,10GS,-6.28
fda_2944,10GS,-5.96
fda_2945,10GS,-4.54
fda_2946,10GS,-5.41
fda_2947,10GS,-5.29
fda_2947,1M17,-5.25
fda_2948,1M17,-5.09
fda_2948,10GS,-4.65
fda_2949,1M17,-5.97
fda_2949,10GS,-5.9
fda_2950,10GS,-5.08
fda_2950,1M17,-5.05
fda_2951,1M17,-7.25
fda_2951,10GS,-6.79
fda_2952,10GS,-5.17
fda_2953,10GS,-5.12
fda_2953,1M17,-5.03
fda_2954,10GS,-5.51
fda_2957,10GS,-4.69
fda_2958,1M17,-6.61
fda_2958,10GS,-6.05
fda_2959,10GS,-5.89
fda_2962,10GS,-5.94
fda_2967,1M17,-5.24
fda_2967,10GS,-5.03
fda_2970,10GS,-5.42
fda_2974,1M17,-5.79
fda_2974,10GS,-5.6
fda_2975,10GS,-5.49
fda_2975,1M17,-5.42
fda_2976,10GS,-5.48
fda_2977,10GS,-5.35
fda_2978,1M17,-6.17
fda_2978,10GS,-5.94
fda_2982,10GS,-6.04
fda_2983,10GS,-6.04
fda_2984,10GS,-5.3
fda_2986,10GS,-5.11
fda_2987,10GS,-5.3
fda_2988,10GS,-5.34
fda_2990,1M17,-5.95
fda_2990,10GS,-5.47
fda_2991,10GS,-5.86
fda_2992,1M17,-5.5
fda_2992,10GS,-4.83
fda_2993,1M17,-4.86
fda_2993,10GS,-4.39
fda_2996,10GS,-5.57
fda_2996,1M17,-5.23
fda_3001,10GS,-6.83
fda_3001,1M17,-6.27
fda_3002,10GS,-5.15
fda_3003,10GS,-5.21
fda_3004,1M17,-4.81
fda_3004,10GS,-4.61
fda_3005,10GS,-5.49
fda_3005,1M17,-5.34
fda_3006,1M17,-4.95
fda_3006,10GS,-4.75
fda_3007,10GS,-4.3
fda_3008,10GS,-5.12
fda_3009,10GS,-5.6
fda_3009,1M17,-4.74
fda_3010,10GS,-6.45
fda_3011,10GS,-6.64
fda_3012,10GS,-7.13
fda_3013,10GS,-7.41
fda_3014,1M17,-7.33
fda_3014,10GS,-7.24
fda_3016,1M17,-7.54
fda_3016,10GS,-7.44
fda_3017,1M17,-8.17
fda_3017,10GS,-7.9
fda_3018,1M17,-7.46
fda_3018,10GS,-7.33
fda_3019,10GS,-7.09
fda_3020,10GS,-6.66
fda_3031,10GS,-5.4
fda_3032,1M17,-8.32
fda_3032,10GS,-7.29
fda_3033,1M17,-7.79
fda_3033,10GS,-7.54
fda_3034,1M17,-8.2
fda_3034,10GS,-7.29
fda_3035,10GS,-7.8
fda_3035,1M17,-7.76
fda_3037,10GS,-6.05
fda_3038,10GS,-6.17
fda_3039,1M17,-8.23
fda_3039,10GS,-8.12
fda_3040,10GS,-8.32
fda_3040,1M17,-8.18
fda_3041,1M17,-8.4
fda_3041,10GS,-7.89
fda_3042,10GS,-8.53
fda_3042,1M17,-8.46
fda_3043,10GS,-8.41
fda_3043,1M17,-7.86
fda_3044,10GS,-8.09
fda_3045,10GS,-8.17
fda_3046,10GS,-7.91
fda_3047,10GS,-4.96
fda_3048,1M17,-5.85
fda_3048,10GS,-5.58
fda_3049,1M17,-5.67
fda_3049,10GS,-5.04
fda_3050,1M17,-5.95
fda_3050,10GS,-5.43
fda_3054,1M17,-8.33
fda_3054,10GS,-7.6
fda_3055,10GS,-7.46
fda_3055,1M17,-7.39
fda_3056,1M17,-7.77
fda_3056,10GS,-7.17
fda_3057,10GS,-7.26
fda_3058,10GS,-4.81
fda_3059,1M17,-4.79
fda_3059,10GS,-4.32
fda_3060,10GS,-4.11
fda_3061,10GS,-4.43
fda_3062,10GS,-7.7
fda_3063,10GS,-7.67
fda_3064,1M17,-7.96
fda_3064,10GS,-7.73
fda_3065,1M17,-8.24
fda_3065,10GS,-7.46
fda_3066,10GS,-7.25
fda_3067,10GS,-7.33
fda_3067,1M17,-6.96
fda_3068,10GS,-7.85
fda_3068,1M17,-7.52
fda_3069,10GS,-6.87
fda_3071,10GS,-6.01
fda_3072,1M17,-7.52
fda_3072,10GS,-7.3
fda_3073,1M17,-7.3
fda_3073,10GS,-7.0
fda_3074,1M17,-8.87
fda_3074,10GS,-7.89
fda_3075,10GS,-7.94
fda_3075,1M17,-7.6
fda_3076,10GS,-7.86
fda_3077,10GS,-7.88
fda_3077,1M17,-7.87
fda_3078,1M17,-8.31
fda_3078,10GS,-7.42
fda_3080,10GS,-7.8
fda_3080,1M17,-6.98
fda_3081,10GS,-5.72
fda_3082,10GS,-6.28
fda_3085,10GS,-6.33
fda_3086,10GS,-3.52
fda_3086,1M17,-3.36
fda_3088,10GS,-5.1
fda_3089,10GS,-5.91
fda_3091,10GS,-5.28
fda_3092,10GS,-3.4
fda_3092,1M17,-3.19
fda_3094,1M17,-5.85
fda_3094,10GS,-5.27
fda_3095,10GS,-5.16
fda_3096,10GS,-5.22
fda_3097,10GS,-5.16
fda_3098,10GS,-3.85
fda_3099,10GS,-3.92
fda_3100,10GS,-3.44
fda_3101,1M17,-3.78
fda_3102,1M17,-7.13
fda_3103,1M17,-7.29
fda_3103,10GS,-6.23
fda_3104,1M17,-4.91
fda_3104,10GS,-4.73
fda_3105,1M17,-4.95
fda_3105,10GS,-4.64
fda_3106,10GS,-6.04
fda_3107,10GS,-5.89
fda_3108,10GS,-5.8
fda_3109,1M17,-4.84
fda_3109,10GS,-4.35
fda_3110,10GS,-5.78
fda_3113,10GS,-4.66
fda_3114,1M17,-4.89
fda_3114,10GS,-4.69
fda_3117,10GS,-4.95
fda_3119,10GS,-6.69
fda_3120,10GS,-4.67
fda_3122,1M17,-4.66
fda_3122,10GS,-4.55
fda_3123,10GS,-5.57
fda_3124,10GS,-5.55
fda_3125,10GS,-5.53
fda_3125,1M17,-5.32
fda_3126,10GS,-5.79
fda_3127,10GS,-3.33
fda_3129,1M17,-3.15
fda_3129,10GS,-3.11
fda_3130,10GS,-4.75
fda_3130,1M17,-4.32
fda_3132,10GS,-5.24
fda_3133,10GS,-5.03
fda_3134,10GS,-5.38
fda_3135,1M17,-3.48
fda_3135,10GS,-3.39
fda_3139,10GS,-3.31
fda_3140,1M17,-7.57
fda_3140,10GS,-6.62
fda_3141,1M17,-6.66
fda_3141,10GS,-6.13
fda_3142,1M17,-5.47
fda_3142,10GS,-4.89
fda_3143,10GS,-5.01
fda_3144,1M17,-2.97
fda_3144,10GS,-2.96
fda_3145,10GS,-6.27
fda_3145,1M17,-6.13
fda_3146,10GS,-5.76
fda_3149,1M17,-5.65
fda_3149,10GS,-5.08
fda_3150,10GS,-5.92
fda_3151,1M17,-5.08
fda_3151,10GS,-4.79
fda_3152,1M17,-5.07
fda_3152,10GS,-4.41
fda_3153,1M17,-5.05
fda_3153,10GS,-4.66
fda_3154,10GS,-5.02
fda_3160,10GS,-5.21
fda_3161,1M17,-5.87
fda_3161,10GS,-5.13
fda_3166,10GS,-4.22
fda_3167,1M17,-4.5
fda_3169,10GS,-3.9
fda_3169,1M17,-3.65
fda_3172,10GS,-5.71
fda_3173,10GS,-4.63
fda_3174,10GS,-4.83
fda_3174,1M17,-4.62
fda_3175,10GS,-4.78
fda_3175,1M17,-4.7
fda_3176,10GS,-2.59
fda_3179,1M17,-5.42
fda_3179,10GS,-4.97
