file,molecule,position,mol_pred_loaded,mol_cond_loaded,sanitization,inchi_convertible,all_atoms_connected,no_radicals,bond_lengths,bond_angles,internal_steric_clash,aromatic_ring_flatness,non-aromatic_ring_non-flatness,double_bond_flatness,internal_energy,protein-ligand_maximum_distance,minimum_distance_to_protein,minimum_distance_to_organic_cofactors,minimum_distance_to_inorganic_cofactors,minimum_distance_to_waters,volume_overlap_with_protein,volume_overlap_with_organic_cofactors,volume_overlap_with_inorganic_cofactors,volume_overlap_with_waters,mol_true_loaded,passes_valence_checks,passes_kekulization,no_radicals_before_sanitization,number_bonds,shortest_bond_relative_length,longest_bond_relative_length,number_short_outlier_bonds,number_long_outlier_bonds,number_angles,most_extreme_relative_angle,number_outlier_angles,number_noncov_pairs,shortest_noncovalent_relative_distance,number_clashes,number_valid_bonds,number_valid_angles,number_valid_noncov_pairs,number_aromatic_rings_checked,number_aromatic_rings_pass,aromatic_ring_maximum_distance_from_plane,number_non-aromatic_rings_checked,number_non-aromatic_rings_pass,non-aromatic_ring_maximum_distance_from_plane,number_double_bonds_checked,number_double_bonds_pass,double_bond_maximum_distance_from_plane,num_h_added,mol_pred_energy,ensemble_avg_energy,energy_ratio,smallest_distance_protein,num_pairwise_clashes_protein,most_extreme_ligand_atom_id_protein,most_extreme_protein_atom_id_protein,most_extreme_ligand_element_protein,most_extreme_protein_element_protein,most_extreme_ligand_vdw_protein,most_extreme_protein_vdw_protein,most_extreme_sum_radii_protein,most_extreme_distance_protein,most_extreme_sum_radii_scaled_protein,most_extreme_relative_distance_protein,most_extreme_clash_protein,smallest_distance_organic_cofactors,not_too_far_away_organic_cofactors,num_pairwise_clashes_organic_cofactors,most_extreme_ligand_atom_id_organic_cofactors,most_extreme_protein_atom_id_organic_cofactors,most_extreme_ligand_element_organic_cofactors,most_extreme_protein_element_organic_cofactors,most_extreme_ligand_vdw_organic_cofactors,most_extreme_protein_vdw_organic_cofactors,most_extreme_sum_radii_organic_cofactors,most_extreme_distance_organic_cofactors,most_extreme_sum_radii_scaled_organic_cofactors,most_extreme_relative_distance_organic_cofactors,most_extreme_clash_organic_cofactors,smallest_distance_inorganic_cofactors,not_too_far_away_inorganic_cofactors,num_pairwise_clashes_inorganic_cofactors,most_extreme_ligand_atom_id_inorganic_cofactors,most_extreme_protein_atom_id_inorganic_cofactors,most_extreme_ligand_element_inorganic_cofactors,most_extreme_protein_element_inorganic_cofactors,most_extreme_ligand_vdw_inorganic_cofactors,most_extreme_protein_vdw_inorganic_cofactors,most_extreme_sum_radii_inorganic_cofactors,most_extreme_distance_inorganic_cofactors,most_extreme_sum_radii_scaled_inorganic_cofactors,most_extreme_relative_distance_inorganic_cofactors,most_extreme_clash_inorganic_cofactors,smallest_distance_waters,not_too_far_away_waters,num_pairwise_clashes_waters,most_extreme_ligand_atom_id_waters,most_extreme_protein_atom_id_waters,most_extreme_ligand_element_waters,most_extreme_protein_element_waters,most_extreme_ligand_vdw_waters,most_extreme_protein_vdw_waters,most_extreme_sum_radii_waters,most_extreme_distance_waters,most_extreme_sum_radii_scaled_waters,most_extreme_relative_distance_waters,most_extreme_clash_waters,volume_overlap_protein,volume_overlap_organic_cofactors,volume_overlap_inorganic_cofactors,volume_overlap_waters,ligand_file,pdb_id,variant,ph,engine,stage,stage_dir,posebusters_pass
/home/michael/atlas/code/protein_automation/post_docked/full_fast_consenuss/EX4M/HOLO/pH7_0/ledock_stage1/actives_final_00001.sdf,/home/michael/atlas/code/protein_automation/post_docked/full_fast_consenuss/EX4M/HOLO/pH7_0/ledock_stage1/actives_final_00001_dock001.pdb,0,True,True,True,True,True,True,True,True,True,True,True,True,True,True,True,True,True,True,True,True,True,True,False,True,True,True,35.0,0.9543700971745588,1.0081450330745136,0.0,0.0,48.0,1.06241201915783,0.0,445.0,0.8339885198317019,0.0,35.0,48.0,445.0,2.0,2.0,0.0008330392801242,0.0,0.0,,0.0,0.0,,18.0,239.89222779782716,53.46854947902192,4.486604370891854,2.5519666925726106,0,32,2133.0,N,O,1.6,1.55,3.1500000000000004,2.5519666925726106,3.1500000000000004,0.8101481563722572,False,,False,0.0,,,,,,,,,,,,,False,0.0,,,,,,,,,,,,,False,0.0,,,,,,,,,,,,0.0305919745729042,,,,actives_final_00001.sdf,EX4M,HOLO,pH7_0,ledock,stage1,ledock_stage1,False
/home/michael/atlas/code/protein_automation/post_docked/full_fast_consenuss/EX4M/HOLO/pH7_0/ledock_stage1/actives_final_00002.sdf,/home/michael/atlas/code/protein_automation/post_docked/full_fast_consenuss/EX4M/HOLO/pH7_0/ledock_stage1/actives_final_00002_dock001.pdb,0,True,True,True,True,True,True,True,True,True,True,True,True,True,True,True,True,True,True,True,True,True,True,False,True,True,True,34.0,0.9539783282970732,1.0456932454609322,0.0,0.0,47.0,1.0627722096783765,0.0,415.0,0.9898153891221008,0.0,34.0,47.0,415.0,2.0,2.0,0.0022651524212136,0.0,0.0,,0.0,0.0,,18.0,222.39051603281987,77.85107713533705,2.8566145031778314,2.629036325348132,0,21,1643.0,C,O,1.7,1.55,3.25,2.7236637090507316,3.25,0.8380503720156097,False,,False,0.0,,,,,,,,,,,,,False,0.0,,,,,,,,,,,,,False,0.0,,,,,,,,,,,,0.0168502056521162,,,,actives_final_00002.sdf,EX4M,HOLO,pH7_0,ledock,stage1,ledock_stage1,False
/home/michael/atlas/code/protein_automation/post_docked/full_fast_consenuss/EX4M/HOLO/pH7_0/ledock_stage1/actives_final_00003.sdf,/home/michael/atlas/code/protein_automation/post_docked/full_fast_consenuss/EX4M/HOLO/pH7_0/ledock_stage1/actives_final_00003_dock001.pdb,0,True,True,True,True,True,True,True,True,True,True,True,True,True,True,True,True,True,True,True,True,True,True,False,True,True,True,35.0,0.9537449246960558,1.0460286353062431,0.0,0.0,48.0,1.0628220542944922,0.0,445.0,0.9897069161627252,0.0,35.0,48.0,445.0,2.0,2.0,0.0022269322442707,0.0,0.0,,0.0,0.0,,20.0,193.65340383171025,80.11424020297865,2.4172157576613977,2.527438624378444,0,28,2133.0,N,O,1.6,1.55,3.1500000000000004,2.527438624378444,3.1500000000000004,0.8023614680566489,False,,False,0.0,,,,,,,,,,,,,False,0.0,,,,,,,,,,,,,False,0.0,,,,,,,,,,,,0.0118320610687022,,,,actives_final_00003.sdf,EX4M,HOLO,pH7_0,ledock,stage1,ledock_stage1,False
/home/michael/atlas/code/protein_automation/post_docked/full_fast_consenuss/EX4M/HOLO/pH7_0/ledock_stage1/actives_final_00004.sdf,/home/michael/atlas/code/protein_automation/post_docked/full_fast_consenuss/EX4M/HOLO/pH7_0/ledock_stage1/actives_final_00004_dock001.pdb,0,True,True,True,True,True,True,True,True,True,True,True,True,True,True,True,True,True,True,True,True,True,True,False,True,True,True,35.0,0.9540398237939636,1.0078150882582602,0.0,0.0,48.0,1.0630242992092227,0.0,445.0,0.9903019621547612,0.0,35.0,48.0,445.0,2.0,2.0,0.0022077412197289,0.0,0.0,,0.0,0.0,,22.0,154.54290820245285,54.38967967051629,2.841401330889395,2.775882382234522,0,30,2186.0,O,N,1.55,1.6,3.1500000000000004,2.775882382234522,3.1500000000000004,0.8812325022966736,False,,False,0.0,,,,,,,,,,,,,False,0.0,,,,,,,,,,,,,False,0.0,,,,,,,,,,,,0.0101628664495114,,,,actives_final_00004.sdf,EX4M,HOLO,pH7_0,ledock,stage1,ledock_stage1,False
/home/michael/atlas/code/protein_automation/post_docked/full_fast_consenuss/EX4M/HOLO/pH7_0/ledock_stage1/actives_final_00005.sdf,/home/michael/atlas/code/protein_automation/post_docked/full_fast_consenuss/EX4M/HOLO/pH7_0/ledock_stage1/actives_final_00005_dock001.pdb,0,True,True,True,True,True,True,True,True,True,True,True,True,True,True,True,True,True,True,True,True,True,True,False,True,True,True,35.0,0.9533055609491512,1.015529060388055,0.0,0.0,48.0,1.0624489149766625,0.0,445.0,0.9912373026838066,0.0,35.0,48.0,445.0,2.0,2.0,0.0014426745649083,0.0,0.0,,0.0,0.0,,22.0,183.9972703519521,54.38967967051629,3.3829445487926613,2.458719178759546,0,12,1349.0,O,O,1.55,1.55,3.1,2.458719178759546,3.1,0.7931352189546923,False,,False,0.0,,,,,,,,,,,,,False,0.0,,,,,,,,,,,,,False,0.0,,,,,,,,,,,,0.0163678877630553,,,,actives_final_00005.sdf,EX4M,HOLO,pH7_0,ledock,stage1,ledock_stage1,False
/home/michael/atlas/code/protein_automation/post_docked/full_fast_consenuss/EX4M/HOLO/pH7_0/ledock_stage1/decoys_final_00001.sdf,/home/michael/atlas/code/protein_automation/post_docked/full_fast_consenuss/EX4M/HOLO/pH7_0/ledock_stage1/decoys_final_00001_dock001.pdb,0,True,True,True,True,True,True,True,True,True,True,True,True,True,True,True,True,True,True,True,True,True,True,False,True,True,True,26.0,0.968115007335659,1.0188118925419267,0.0,0.0,39.0,1.0354399800457978,0.0,235.0,1.0092719293211003,0.0,26.0,39.0,235.0,0.0,0.0,,10.0,10.0,0.2556001328210319,0.0,0.0,,12.0,191.18720245546012,66.0971538832044,2.892517925859463,2.535366640152858,0,8,2084.0,O,N,1.55,1.6,3.1500000000000004,2.535366640152858,3.1500000000000004,0.8048782984612247,False,,False,0.0,,,,,,,,,,,,,False,0.0,,,,,,,,,,,,,False,0.0,,,,,,,,,,,,0.0311236152628802,,,,decoys_final_00001.sdf,EX4M,HOLO,pH7_0,ledock,stage1,ledock_stage1,False
/home/michael/atlas/code/protein_automation/post_docked/full_fast_consenuss/EX4M/HOLO/pH7_0/ledock_stage1/decoys_final_00002.sdf,/home/michael/atlas/code/protein_automation/post_docked/full_fast_consenuss/EX4M/HOLO/pH7_0/ledock_stage1/decoys_final_00002_dock001.pdb,0,True,True,True,True,True,True,True,True,True,True,True,True,True,True,False,True,True,True,False,True,True,True,False,True,True,True,25.0,0.9576117106290568,1.0314918788070346,0.0,0.0,38.0,1.0727941115101214,0.0,190.0,0.9783018479606408,0.0,25.0,38.0,190.0,1.0,1.0,0.000208432762102,0.0,0.0,,0.0,0.0,,10.0,217.9538124491563,78.13527589058133,2.789441900152414,1.81177178474553,4,20,2188.0,O,O,1.55,1.55,3.1,1.81177178474553,3.1,0.5844425112082354,True,,False,0.0,,,,,,,,,,,,,False,0.0,,,,,,,,,,,,,False,0.0,,,,,,,,,,,,0.0756286632633768,,,,decoys_final_00002.sdf,EX4M,HOLO,pH7_0,ledock,stage1,ledock_stage1,True
/home/michael/atlas/code/protein_automation/post_docked/full_fast_consenuss/EX4M/HOLO/pH7_0/ledock_stage1/decoys_final_00003.sdf,/home/michael/atlas/code/protein_automation/post_docked/full_fast_consenuss/EX4M/HOLO/pH7_0/ledock_stage1/decoys_final_00003_dock001.pdb,0,True,True,True,True,True,True,True,True,True,True,True,True,True,True,True,True,True,True,True,True,True,True,False,True,True,True,25.0,0.8783700179050172,1.045863359898526,0.0,0.0,38.0,1.0497822139604067,0.0,190.0,0.9833635230908024,0.0,25.0,38.0,190.0,1.0,1.0,0.0021182259779604,0.0,0.0,,0.0,0.0,,13.0,158.5209210101475,67.40921558643936,2.351620911637444,2.5776566877689477,0,13,1368.0,O,N,1.55,1.6,3.1500000000000004,2.5776566877689473,3.1500000000000004,0.8183037104028403,False,,False,0.0,,,,,,,,,,,,,False,0.0,,,,,,,,,,,,,False,0.0,,,,,,,,,,,,0.0231352952063668,,,,decoys_final_00003.sdf,EX4M,HOLO,pH7_0,ledock,stage1,ledock_stage1,False
/home/michael/atlas/code/protein_automation/post_docked/full_fast_consenuss/EX4M/HOLO/pH7_0/ledock_stage1/decoys_final_00004.sdf,/home/michael/atlas/code/protein_automation/post_docked/full_fast_consenuss/EX4M/HOLO/pH7_0/ledock_stage1/decoys_final_00004_dock001.pdb,0,True,True,True,True,True,True,True,True,True,True,True,True,True,True,False,True,True,True,True,True,True,True,False,True,True,True,36.0,0.8397196962010869,1.0200960753727364,0.0,0.0,56.0,1.1385524578537964,0.0,436.0,0.9572214035407092,0.0,36.0,56.0,436.0,4.0,4.0,0.0027413388082607,0.0,0.0,,0.0,0.0,,15.0,325.0764321260825,49.86830123132483,6.518698734455494,1.3977818141612777,4,34,2133.0,O,O,1.55,1.55,3.1,1.3977818141612777,3.1,0.45089735940686376,True,,False,0.0,,,,,,,,,,,,,False,0.0,,,,,,,,,,,,,False,0.0,,,,,,,,,,,,0.0651859639900118,,,,decoys_final_00004.sdf,EX4M,HOLO,pH7_0,ledock,stage1,ledock_stage1,True
/home/michael/atlas/code/protein_automation/post_docked/full_fast_consenuss/EX4M/HOLO/pH7_0/ledock_stage1/decoys_final_00005.sdf,/home/michael/atlas/code/protein_automation/post_docked/full_fast_consenuss/EX4M/HOLO/pH7_0/ledock_stage1/decoys_final_00005_dock001.pdb,0,True,True,True,True,True,True,True,True,True,True,True,True,True,True,True,True,True,True,True,True,True,True,False,True,True,True,31.0,0.8399348740008846,1.0525786347221424,0.0,0.0,48.0,1.1384305269081851,0.0,327.0,0.9370293381654924,0.0,31.0,48.0,327.0,3.0,3.0,0.0025120115608491,0.0,0.0,,0.0,0.0,,13.0,315.375703090273,43.78560576966704,7.20272558861691,2.539312899191432,0,14,1813.0,N,C,1.6,1.7,3.3,2.6459096734393635,3.3,0.8017908101331405,False,,False,0.0,,,,,,,,,,,,,False,0.0,,,,,,,,,,,,,False,0.0,,,,,,,,,,,,0.0184277009956902,,,,decoys_final_00005.sdf,EX4M,HOLO,pH7_0,ledock,stage1,ledock_stage1,False
/home/michael/atlas/code/protein_automation/post_docked/full_fast_consenuss/EX4M/HOLO/pH7_0/ledock_stage1/decoys_final_00006.sdf,/home/michael/atlas/code/protein_automation/post_docked/full_fast_consenuss/EX4M/HOLO/pH7_0/ledock_stage1/decoys_final_00006_dock001.pdb,0,True,True,True,True,True,True,True,True,True,True,True,True,True,True,False,True,True,True,True,True,True,True,False,True,True,True,29.0,0.8400158115347954,1.0345970695259743,0.0,0.0,43.0,1.1382427127424573,0.0,279.0,0.9307300685403196,0.0,29.0,43.0,279.0,3.0,3.0,0.0037145703151042,0.0,0.0,,0.0,0.0,,11.0,218.1377829034372,41.68739653185384,5.232703432001457,1.493163420393095,4,20,1317.0,C,C,1.7,1.7,3.4,1.493163420393095,3.4,0.43916571188032205,True,,False,0.0,,,,,,,,,,,,,False,0.0,,,,,,,,,,,,,False,0.0,,,,,,,,,,,,0.0618423182774809,,,,decoys_final_00006.sdf,EX4M,HOLO,pH7_0,ledock,stage1,ledock_stage1,True
/home/michael/atlas/code/protein_automation/post_docked/full_fast_consenuss/EX4M/HOLO/pH7_0/ledock_stage1/decoys_final_00007.sdf,/home/michael/atlas/code/protein_automation/post_docked/full_fast_consenuss/EX4M/HOLO/pH7_0/ledock_stage1/decoys_final_00007_dock001.pdb,0,True,True,True,True,True,True,True,True,True,True,True,True,True,True,False,True,True,True,True,True,True,True,False,True,True,True,25.0,0.9578790839367284,1.029389230155139,0.0,0.0,38.0,1.0726431402448109,0.0,190.0,1.00100743750122,0.0,25.0,38.0,190.0,1.0,1.0,0.0024157972265412,0.0,0.0,,0.0,0.0,,10.0,182.02455602836437,77.33435757545847,2.353734636649113,2.2515385850568936,1,19,1346.0,O,C,1.55,1.7,3.25,2.2515385850568936,3.25,0.6927811030944289,True,,False,0.0,,,,,,,,,,,,,False,0.0,,,,,,,,,,,,,False,0.0,,,,,,,,,,,,0.0312676586927858,,,,decoys_final_00007.sdf,EX4M,HOLO,pH7_0,ledock,stage1,ledock_stage1,True
/home/michael/atlas/code/protein_automation/post_docked/full_fast_consenuss/EX4M/HOLO/pH7_0/ledock_stage1/decoys_final_00008.sdf,/home/michael/atlas/code/protein_automation/post_docked/full_fast_consenuss/EX4M/HOLO/pH7_0/ledock_stage1/decoys_final_00008_dock001.pdb,0,True,True,True,True,True,True,True,True,True,True,True,True,True,True,False,True,True,True,True,True,True,True,False,True,True,True,25.0,0.9576468226463564,1.0283345665804124,0.0,0.0,38.0,1.0727204426147028,0.0,190.0,1.000924190926871,0.0,25.0,38.0,190.0,1.0,1.0,0.0020625305188738,0.0,0.0,,0.0,0.0,,10.0,192.89131826778743,75.35279774643708,2.559842819862756,2.081938759906258,2,5,1409.0,C,N,1.7,1.6,3.3,2.081938759906258,3.3,0.6308905333049267,True,,False,0.0,,,,,,,,,,,,,False,0.0,,,,,,,,,,,,,False,0.0,,,,,,,,,,,,0.0420026251640727,,,,decoys_final_00008.sdf,EX4M,HOLO,pH7_0,ledock,stage1,ledock_stage1,True
/home/michael/atlas/code/protein_automation/post_docked/full_fast_consenuss/EX4M/HOLO/pH7_0/ledock_stage1/decoys_final_00009.sdf,/home/michael/atlas/code/protein_automation/post_docked/full_fast_consenuss/EX4M/HOLO/pH7_0/ledock_stage1/decoys_final_00009_dock001.pdb,0,True,True,True,True,True,True,True,True,True,True,True,True,True,True,True,True,True,True,True,True,True,True,False,True,True,True,25.0,0.957734597057828,1.0278854453520403,0.0,0.0,38.0,1.0729895225862829,0.0,190.0,0.9438782349694164,0.0,25.0,38.0,190.0,1.0,1.0,0.0022279569882937,0.0,0.0,,0.0,0.0,,10.0,284.7079356335543,85.23831115237945,3.340140504714899,2.852667874113637,0,1,1643.0,C,O,1.7,1.55,3.25,2.9129366625452042,3.25,0.8962882038600628,False,,False,0.0,,,,,,,,,,,,,False,0.0,,,,,,,,,,,,,False,0.0,,,,,,,,,,,,0.0173003802281368,,,,decoys_final_00009.sdf,EX4M,HOLO,pH7_0,ledock,stage1,ledock_stage1,False
/home/michael/atlas/code/protein_automation/post_docked/full_fast_consenuss/EX4M/HOLO/pH7_0/ledock_stage1/decoys_final_00010.sdf,/home/michael/atlas/code/protein_automation/post_docked/full_fast_consenuss/EX4M/HOLO/pH7_0/ledock_stage1/decoys_final_00010_dock001.pdb,0,True,True,True,True,True,True,True,True,True,True,True,True,True,True,False,True,True,True,True,True,True,True,False,True,True,True,25.0,0.9573912146933446,1.0284268342316858,0.0,0.0,38.0,1.0727230631469489,0.0,190.0,1.001317612955588,0.0,25.0,38.0,190.0,1.0,1.0,0.002039120958962,0.0,0.0,,0.0,0.0,,10.0,190.76946277285975,85.3799521954631,2.234358978512017,2.28939664540681,1,17,1333.0,O,O,1.55,1.55,3.1,2.2893966454068106,3.1,0.7385150469054228,True,,False,0.0,,,,,,,,,,,,,False,0.0,,,,,,,,,,,,,False,0.0,,,,,,,,,,,,0.0307865590388586,,,,decoys_final_00010.sdf,EX4M,HOLO,pH7_0,ledock,stage1,ledock_stage1,True
/home/michael/atlas/code/protein_automation/post_docked/full_fast_consenuss/EX4M/HOLO/pH7_0/ledock_stage1/decoys_final_00011.sdf,/home/michael/atlas/code/protein_automation/post_docked/full_fast_consenuss/EX4M/HOLO/pH7_0/ledock_stage1/decoys_final_00011_dock001.pdb,0,True,True,True,True,True,True,True,True,True,True,True,True,True,True,True,True,True,True,True,True,True,True,False,True,True,True,24.0,0.9579572308004454,1.0284019178476658,0.0,0.0,36.0,1.0725435010273672,0.0,171.0,1.0010315174159148,0.0,24.0,36.0,171.0,1.0,1.0,0.0014850979536658,0.0,0.0,,0.0,0.0,,11.0,192.0044623341645,73.42935790973043,2.6148187564189658,2.556445579315152,0,5,2167.0,C,C,1.7,1.7,3.4,2.619324722137365,3.4,0.7703896241580485,False,,False,0.0,,,,,,,,,,,,,False,0.0,,,,,,,,,,,,,False,0.0,,,,,,,,,,,,0.032421875,,,,decoys_final_00011.sdf,EX4M,HOLO,pH7_0,ledock,stage1,ledock_stage1,False
/home/michael/atlas/code/protein_automation/post_docked/full_fast_consenuss/EX4M/HOLO/pH7_0/ledock_stage1/decoys_final_00012.sdf,/home/michael/atlas/code/protein_automation/post_docked/full_fast_consenuss/EX4M/HOLO/pH7_0/ledock_stage1/decoys_final_00012_dock001.pdb,0,True,True,True,True,True,True,True,True,True,True,True,True,True,True,True,True,True,True,True,True,True,True,False,True,True,True,25.0,0.9583419603468551,1.0511706128445124,0.0,0.0,38.0,1.0419376223063064,0.0,190.0,0.9432159014172689,0.0,25.0,38.0,190.0,1.0,1.0,0.0022435465450731,0.0,0.0,,0.0,0.0,,11.0,154.96308300340618,71.9661243526411,2.1532781485365504,2.595165312653511,0,17,1643.0,O,O,1.55,1.55,3.1,2.595165312653511,3.1,0.8371501008559712,False,,False,0.0,,,,,,,,,,,,,False,0.0,,,,,,,,,,,,,False,0.0,,,,,,,,,,,,0.0125093353248693,,,,decoys_final_00012.sdf,EX4M,HOLO,pH7_0,ledock,stage1,ledock_stage1,False
/home/michael/atlas/code/protein_automation/post_docked/full_fast_consenuss/EX4M/HOLO/pH7_0/ledock_stage1/decoys_final_00013.sdf,/home/michael/atlas/code/protein_automation/post_docked/full_fast_consenuss/EX4M/HOLO/pH7_0/ledock_stage1/decoys_final_00013_dock001.pdb,0,True,True,True,True,True,True,True,True,True,True,True,True,True,True,True,True,True,True,True,True,True,True,False,True,True,True,24.0,0.95758583779248,1.0234639600332518,0.0,0.0,36.0,1.0727799159613856,0.0,171.0,1.000914088096335,0.0,24.0,36.0,171.0,1.0,1.0,0.002354838971632,0.0,0.0,,0.0,0.0,,11.0,167.10027402779752,72.76978414591012,2.2962865149186933,2.5157714522587256,0,14,1409.0,N,N,1.6,1.6,3.2,2.524617594805201,3.2,0.7889429983766253,False,,False,0.0,,,,,,,,,,,,,False,0.0,,,,,,,,,,,,,False,0.0,,,,,,,,,,,,0.0376365054602184,,,,decoys_final_00013.sdf,EX4M,HOLO,pH7_0,ledock,stage1,ledock_stage1,False
/home/michael/atlas/code/protein_automation/post_docked/full_fast_consenuss/EX4M/HOLO/pH7_0/ledock_stage1/decoys_final_00014.sdf,/home/michael/atlas/code/protein_automation/post_docked/full_fast_consenuss/EX4M/HOLO/pH7_0/ledock_stage1/decoys_final_00014_dock001.pdb,0,True,True,True,True,True,True,True,True,True,True,True,True,True,True,True,True,True,True,True,True,True,True,False,True,True,True,23.0,0.9579115997183072,1.028313102062849,0.0,0.0,35.0,1.0728044489182669,0.0,173.0,1.0023983533113867,0.0,23.0,35.0,173.0,1.0,1.0,0.0021345625277018,0.0,0.0,,0.0,0.0,,9.0,116.33750102463443,33.90204559979885,3.431577622128049,2.3894587253183497,0,4,1333.0,O,O,1.55,1.55,3.1,2.3894587253183497,3.1,0.7707931371994676,False,,False,0.0,,,,,,,,,,,,,False,0.0,,,,,,,,,,,,,False,0.0,,,,,,,,,,,,0.0228032239040691,,,,decoys_final_00014.sdf,EX4M,HOLO,pH7_0,ledock,stage1,ledock_stage1,False
/home/michael/atlas/code/protein_automation/post_docked/full_fast_consenuss/EX4M/HOLO/pH7_0/ledock_stage1/decoys_final_00015.sdf,/home/michael/atlas/code/protein_automation/post_docked/full_fast_consenuss/EX4M/HOLO/pH7_0/ledock_stage1/decoys_final_00015_dock001.pdb,0,True,True,True,True,True,True,True,True,True,True,True,True,True,True,False,True,True,True,True,True,True,True,False,True,True,True,25.0,0.958061416703231,1.0293870119835484,0.0,0.0,38.0,1.0725475766363566,0.0,190.0,1.0142762244194696,0.0,25.0,38.0,190.0,1.0,1.0,0.0022847470653972,0.0,0.0,,0.0,0.0,,10.0,265.63254328805886,76.73835833964182,3.46153539162744,2.383645317575583,1,24,1666.0,O,C,1.55,1.7,3.25,2.383645317575583,3.25,0.7334293284847948,True,,False,0.0,,,,,,,,,,,,,False,0.0,,,,,,,,,,,,,False,0.0,,,,,,,,,,,,0.0380465644520159,,,,decoys_final_00015.sdf,EX4M,HOLO,pH7_0,ledock,stage1,ledock_stage1,True
/home/michael/atlas/code/protein_automation/post_docked/full_fast_consenuss/EX4M/HOLO/pH7_0/ledock_stage1/decoys_final_00016.sdf,/home/michael/atlas/code/protein_automation/post_docked/full_fast_consenuss/EX4M/HOLO/pH7_0/ledock_stage1/decoys_final_00016_dock001.pdb,0,True,True,True,True,True,True,True,True,True,True,True,True,True,True,True,True,True,True,True,True,True,True,False,True,True,True,29.0,0.9547869139982004,1.056355003452425,0.0,0.0,41.0,1.0543124905968686,0.0,281.0,0.9696107761530136,0.0,29.0,41.0,281.0,3.0,3.0,0.0023454461227813,0.0,0.0,,0.0,0.0,,9.0,118.48786103847956,63.59883146739028,1.863050913116747,2.505543853138468,0,17,1643.0,N,O,1.6,1.55,3.1500000000000004,2.529549564645848,3.1500000000000004,0.8030316078240787,False,,False,0.0,,,,,,,,,,,,,False,0.0,,,,,,,,,,,,,False,0.0,,,,,,,,,,,,0.0247647350173353,,,,decoys_final_00016.sdf,EX4M,HOLO,pH7_0,ledock,stage1,ledock_stage1,False
/home/michael/atlas/code/protein_automation/post_docked/full_fast_consenuss/EX4M/HOLO/pH7_0/ledock_stage1/decoys_final_00017.sdf,/home/michael/atlas/code/protein_automation/post_docked/full_fast_consenuss/EX4M/HOLO/pH7_0/ledock_stage1/decoys_final_00017_dock001.pdb,0,True,True,True,True,True,True,True,True,True,True,False,True,True,True,False,True,True,True,True,True,True,True,False,True,True,True,24.0,0.948735585172694,1.038215635885417,0.0,0.0,35.0,1.038469565121144,0.0,194.0,0.96400231407796,0.0,24.0,35.0,194.0,1.0,1.0,0.0031634894874934,1.0,0.0,0.001935193025015,0.0,0.0,,10.0,105.628336063646,38.95952858952992,2.711232396483176,2.086044342769348,1,20,1387.0,O,C,1.55,1.7,3.25,2.0860443427693474,3.25,0.6418597977751838,True,,False,0.0,,,,,,,,,,,,,False,0.0,,,,,,,,,,,,,False,0.0,,,,,,,,,,,,0.0332775608849228,,,,decoys_final_00017.sdf,EX4M,HOLO,pH7_0,ledock,stage1,ledock_stage1,True
/home/michael/atlas/code/protein_automation/post_docked/full_fast_consenuss/EX4M/HOLO/pH7_0/ledock_stage1/decoys_final_00018.sdf,/home/michael/atlas/code/protein_automation/post_docked/full_fast_consenuss/EX4M/HOLO/pH7_0/ledock_stage1/decoys_final_00018_dock001.pdb,0,True,True,True,True,True,True,True,True,True,True,True,True,True,True,False,True,True,True,True,True,True,True,False,True,True,True,29.0,0.9265808653794856,1.0671048383980268,0.0,0.0,41.0,1.0487598069944757,0.0,281.0,0.987128903944472,0.0,29.0,41.0,281.0,2.0,2.0,0.0029287794915886,0.0,0.0,,0.0,0.0,,11.0,184.8102701831158,89.78097373786288,2.058456959073687,2.2771214284706027,1,25,1318.0,C,N,1.7,1.6,3.3,2.2771214284706027,3.3,0.6900367965062433,True,,False,0.0,,,,,,,,,,,,,False,0.0,,,,,,,,,,,,,False,0.0,,,,,,,,,,,,0.0296965784377017,,,,decoys_final_00018.sdf,EX4M,HOLO,pH7_0,ledock,stage1,ledock_stage1,True
/home/michael/atlas/code/protein_automation/post_docked/full_fast_consenuss/EX4M/HOLO/pH7_0/ledock_stage1/decoys_final_00019.sdf,/home/michael/atlas/code/protein_automation/post_docked/full_fast_consenuss/EX4M/HOLO/pH7_0/ledock_stage1/decoys_final_00019_dock001.pdb,0,True,True,False,False,True,True,,,,,,,,True,False,True,True,True,True,True,True,True,False,False,True,True,,,,,,,,,,,,,,,,,,,,,,,,,1.5898735798798551,4.0,19.0,2084.0,C,N,1.7,1.6,3.3,1.5898735798798551,3.3,0.4817798726908652,True,,False,0,,,,,,,,,,,,,False,0.0,,,,,,,,,,,,,False,0.0,,,,,,,,,,,,0.0561144294247092,,,,,,,decoys_final_00019.sdf,EX4M,HOLO,pH7_0,ledock,stage1,ledock_stage1,False
/home/michael/atlas/code/protein_automation/post_docked/full_fast_consenuss/EX4M/HOLO/pH7_0/ledock_stage1/decoys_final_00020.sdf,/home/michael/atlas/code/protein_automation/post_docked/full_fast_consenuss/EX4M/HOLO/pH7_0/ledock_stage1/decoys_final_00020_dock001.pdb,0,True,True,False,False,True,True,,,,,,,,True,False,True,True,True,True,True,True,True,False,False,True,True,,,,,,,,,,,,,,,,,,,,,,,,,2.061509641015527,7.0,19.0,1812.0,C,C,1.7,1.7,3.4,2.132990623514316,3.4,0.6273501833865636,True,,False,0,,,,,,,,,,,,,False,0.0,,,,,,,,,,,,,False,0.0,,,,,,,,,,,,0.0569283703472005,,,,,,,decoys_final_00020.sdf,EX4M,HOLO,pH7_0,ledock,stage1,ledock_stage1,False
/home/michael/atlas/code/protein_automation/post_docked/full_fast_consenuss/EX4M/HOLO/pH7_0/ledock_stage1/decoys_final_00021.sdf,/home/michael/atlas/code/protein_automation/post_docked/full_fast_consenuss/EX4M/HOLO/pH7_0/ledock_stage1/decoys_final_00021_dock001.pdb,0,True,True,True,True,True,True,True,True,True,True,True,True,True,True,True,True,True,True,True,True,True,True,False,True,True,True,25.0,0.9059663068044046,1.0355351872296503,0.0,0.0,38.0,1.0599116137859066,0.0,190.0,0.977078139785594,0.0,25.0,38.0,190.0,0.0,0.0,,0.0,0.0,,0.0,0.0,,12.0,325.8545493468247,58.55264050943113,5.5651554995942325,2.4525653915849017,0,14,2145.0,N,O,1.6,1.55,3.1500000000000004,2.4525653915849017,3.1500000000000004,0.7785921878047306,False,,False,0.0,,,,,,,,,,,,,False,0.0,,,,,,,,,,,,,False,0.0,,,,,,,,,,,,0.0331000567429544,,,,decoys_final_00021.sdf,EX4M,HOLO,pH7_0,ledock,stage1,ledock_stage1,False
/home/michael/atlas/code/protein_automation/post_docked/full_fast_consenuss/EX4M/HOLO/pH7_0/ledock_stage1/decoys_final_00022.sdf,/home/michael/atlas/code/protein_automation/post_docked/full_fast_consenuss/EX4M/HOLO/pH7_0/ledock_stage1/decoys_final_00022_dock001.pdb,0,True,True,True,True,True,True,True,True,True,True,True,True,True,True,True,True,True,True,True,True,True,True,False,True,True,True,25.0,0.9574544299523304,1.0288347850024908,0.0,0.0,38.0,1.0602810289253708,0.0,190.0,1.001094474846089,0.0,25.0,38.0,190.0,1.0,1.0,0.000210979031601,0.0,0.0,,0.0,0.0,,10.0,157.36075542490596,75.46337504415402,2.0852599732364654,2.586195274916422,0,6,2133.0,N,O,1.6,1.55,3.1500000000000004,2.586195274916422,3.1500000000000004,0.8210143729893402,False,,False,0.0,,,,,,,,,,,,,False,0.0,,,,,,,,,,,,,False,0.0,,,,,,,,,,,,0.0264292408622305,,,,decoys_final_00022.sdf,EX4M,HOLO,pH7_0,ledock,stage1,ledock_stage1,False
/home/michael/atlas/code/protein_automation/post_docked/full_fast_consenuss/EX4M/HOLO/pH7_0/ledock_stage1/decoys_final_00023.sdf,/home/michael/atlas/code/protein_automation/post_docked/full_fast_consenuss/EX4M/HOLO/pH7_0/ledock_stage1/decoys_final_00023_dock001.pdb,0,True,True,True,True,True,True,True,True,True,True,True,True,True,True,False,True,True,True,True,True,True,True,False,True,True,True,22.0,0.9516531882301652,1.0502269728534532,0.0,0.0,34.0,1.0586705854070786,0.0,154.0,0.9861531247994156,0.0,22.0,34.0,154.0,1.0,1.0,0.0022555527305732,1.0,1.0,0.226855040397575,0.0,0.0,,10.0,188.48306295697705,67.92354650665507,2.7749296473868554,1.696522914669885,1,21,1653.0,N,O,1.6,1.55,3.1500000000000004,1.696522914669885,3.1500000000000004,0.5385787030698047,True,,False,0.0,,,,,,,,,,,,,False,0.0,,,,,,,,,,,,,False,0.0,,,,,,,,,,,,0.0430364614465032,,,,decoys_final_00023.sdf,EX4M,HOLO,pH7_0,ledock,stage1,ledock_stage1,True
/home/michael/atlas/code/protein_automation/post_docked/full_fast_consenuss/EX4M/HOLO/pH7_0/ledock_stage1/decoys_final_00024.sdf,/home/michael/atlas/code/protein_automation/post_docked/full_fast_consenuss/EX4M/HOLO/pH7_0/ledock_stage1/decoys_final_00024_dock001.pdb,0,True,True,True,True,True,True,True,True,True,True,True,True,True,True,True,True,True,True,True,True,True,True,False,True,True,True,25.0,0.8593865216303375,1.0076003325504532,0.0,0.0,38.0,1.119881397774675,0.0,213.0,0.94972564913997,0.0,25.0,38.0,213.0,2.0,2.0,0.0033360695783606,0.0,0.0,,0.0,0.0,,14.0,277.2555276478287,24.718865109696427,11.216353437645088,3.022631634850664,0,16,1333.0,C,O,1.7,1.55,3.25,3.022631634850664,3.25,0.9300405030309735,False,,False,0.0,,,,,,,,,,,,,False,0.0,,,,,,,,,,,,,False,0.0,,,,,,,,,,,,0.0081597222222222,,,,decoys_final_00024.sdf,EX4M,HOLO,pH7_0,ledock,stage1,ledock_stage1,True
/home/michael/atlas/code/protein_automation/post_docked/full_fast_consenuss/EX4M/HOLO/pH7_0/ledock_stage1/decoys_final_00025.sdf,/home/michael/atlas/code/protein_automation/post_docked/full_fast_consenuss/EX4M/HOLO/pH7_0/ledock_stage1/decoys_final_00025_dock001.pdb,0,True,True,True,True,True,True,True,True,True,True,True,True,True,True,False,True,True,True,True,True,True,True,False,True,True,True,31.0,0.8598191755889297,1.1608360826543964,0.0,0.0,48.0,1.120074685582508,0.0,327.0,0.943367924406068,0.0,31.0,48.0,327.0,3.0,3.0,0.0017771103319426,0.0,0.0,,0.0,0.0,,16.0,306.1689598103006,45.30614093462091,6.757780589878933,1.898388000383482,4,27,1406.0,C,C,1.7,1.7,3.4,1.898388000383482,3.4,0.5583494118774948,True,,False,0.0,,,,,,,,,,,,,False,0.0,,,,,,,,,,,,,False,0.0,,,,,,,,,,,,0.0457497048406139,,,,decoys_final_00025.sdf,EX4M,HOLO,pH7_0,ledock,stage1,ledock_stage1,True
/home/michael/atlas/code/protein_automation/post_docked/full_fast_consenuss/EX4M/HOLO/pH7_0/ledock_stage1/decoys_final_00026.sdf,/home/michael/atlas/code/protein_automation/post_docked/full_fast_consenuss/EX4M/HOLO/pH7_0/ledock_stage1/decoys_final_00026_dock001.pdb,0,True,True,True,True,True,True,True,True,True,True,False,True,True,True,True,True,True,True,True,True,True,True,False,True,True,True,25.0,0.8599401089721113,1.044496932605134,0.0,0.0,37.0,1.1195941953596735,0.0,214.0,0.9526623573945902,0.0,25.0,37.0,214.0,1.0,1.0,0.0004634598642054,2.0,0.0,0.0022092856958081,0.0,0.0,,9.0,221.39707507202715,38.533812915418096,5.745527325779953,2.5265288440862883,0,26,1370.0,N,O,1.6,1.55,3.1500000000000004,2.5265288440862883,3.1500000000000004,0.8020726489162819,False,,False,0.0,,,,,,,,,,,,,False,0.0,,,,,,,,,,,,,False,0.0,,,,,,,,,,,,0.0215384615384615,,,,decoys_final_00026.sdf,EX4M,HOLO,pH7_0,ledock,stage1,ledock_stage1,False
/home/michael/atlas/code/protein_automation/post_docked/full_fast_consenuss/EX4M/HOLO/pH7_0/ledock_stage1/decoys_final_00027.sdf,/home/michael/atlas/code/protein_automation/post_docked/full_fast_consenuss/EX4M/HOLO/pH7_0/ledock_stage1/decoys_final_00027_dock001.pdb,0,True,True,True,True,True,True,True,True,True,True,True,True,True,True,False,True,True,True,True,True,True,True,False,True,True,True,27.0,0.8907096387284209,1.072228998413106,0.0,0.0,40.0,1.0825494891011251,0.0,233.0,0.8316033655038156,0.0,27.0,40.0,233.0,2.0,2.0,0.0021822157165155,0.0,0.0,,0.0,0.0,,14.0,321.12512729664235,91.53082815872528,3.50838218943866,2.157407008424694,1,7,1643.0,C,O,1.7,1.55,3.25,2.157407008424694,3.25,0.663817541053752,True,,False,0.0,,,,,,,,,,,,,False,0.0,,,,,,,,,,,,,False,0.0,,,,,,,,,,,,0.033892321270962,,,,decoys_final_00027.sdf,EX4M,HOLO,pH7_0,ledock,stage1,ledock_stage1,True
/home/michael/atlas/code/protein_automation/post_docked/full_fast_consenuss/EX4M/HOLO/pH7_0/ledock_stage1/decoys_final_00028.sdf,/home/michael/atlas/code/protein_automation/post_docked/full_fast_consenuss/EX4M/HOLO/pH7_0/ledock_stage1/decoys_final_00028_dock001.pdb,0,True,True,True,True,True,True,True,True,True,True,True,True,True,True,True,True,True,True,True,True,True,True,False,True,True,True,28.0,0.9523477772455644,1.0183473605467257,0.0,0.0,41.0,1.0619185326285083,0.0,256.0,0.9716375457268136,0.0,28.0,41.0,256.0,1.0,1.0,0.001876572292565,5.0,5.0,0.2564013445040168,0.0,0.0,,17.0,108.10333544504977,64.93226662199761,1.6648631115000496,2.700242396526652,0,0,1349.0,C,O,1.7,1.55,3.25,2.727472822962672,3.25,0.8392224070654375,False,,False,0.0,,,,,,,,,,,,,False,0.0,,,,,,,,,,,,,False,0.0,,,,,,,,,,,,0.0189683860232945,,,,decoys_final_00028.sdf,EX4M,HOLO,pH7_0,ledock,stage1,ledock_stage1,False
/home/michael/atlas/code/protein_automation/post_docked/full_fast_consenuss/EX4M/HOLO/pH7_0/ledock_stage1/decoys_final_00029.sdf,/home/michael/atlas/code/protein_automation/post_docked/full_fast_consenuss/EX4M/HOLO/pH7_0/ledock_stage1/decoys_final_00029_dock001.pdb,0,True,True,True,True,True,True,True,True,True,True,True,True,True,True,False,True,True,True,True,True,True,True,False,True,True,True,26.0,0.9759037691662766,1.0185386787374595,0.0,0.0,39.0,1.062957300088994,0.0,235.0,0.9618706134003024,0.0,26.0,39.0,235.0,0.0,0.0,,10.0,10.0,0.2563914743613189,0.0,0.0,,12.0,178.34796171994742,66.83541272166397,2.668465031594514,1.6900464490658318,5,24,1370.0,O,O,1.55,1.55,3.1,1.6900464490658318,3.1,0.5451762738922038,True,,False,0.0,,,,,,,,,,,,,False,0.0,,,,,,,,,,,,,False,0.0,,,,,,,,,,,,0.0640227636492975,,,,decoys_final_00029.sdf,EX4M,HOLO,pH7_0,ledock,stage1,ledock_stage1,True
/home/michael/atlas/code/protein_automation/post_docked/full_fast_consenuss/EX4M/HOLO/pH7_0/ledock_stage1/decoys_final_00030.sdf,/home/michael/atlas/code/protein_automation/post_docked/full_fast_consenuss/EX4M/HOLO/pH7_0/ledock_stage1/decoys_final_00030_dock001.pdb,0,True,True,True,True,True,True,True,True,True,True,True,True,True,True,False,True,True,True,True,True,True,True,False,True,True,True,22.0,0.9524404627625996,1.0515750976549885,0.0,0.0,34.0,1.049780735364446,0.0,154.0,0.981440574175008,0.0,22.0,34.0,154.0,2.0,2.0,0.0028462269293261,0.0,0.0,,0.0,0.0,,11.0,183.47247164523284,66.73356501016977,2.7493281921514727,1.704748955125061,3,3,1387.0,C,C,1.7,1.7,3.4,1.704748955125061,3.4,0.5013967515073708,True,,False,0.0,,,,,,,,,,,,,False,0.0,,,,,,,,,,,,,False,0.0,,,,,,,,,,,,0.0586729671195117,,,,decoys_final_00030.sdf,EX4M,HOLO,pH7_0,ledock,stage1,ledock_stage1,True
/home/michael/atlas/code/protein_automation/post_docked/full_fast_consenuss/EX4M/HOLO/pH7_0/ledock_stage1/decoys_final_00031.sdf,/home/michael/atlas/code/protein_automation/post_docked/full_fast_consenuss/EX4M/HOLO/pH7_0/ledock_stage1/decoys_final_00031_dock001.pdb,0,True,True,True,True,True,True,True,True,True,True,True,True,True,True,False,True,True,True,True,True,True,True,False,True,True,True,21.0,0.9519999711397048,1.1600831353128551,0.0,0.0,32.0,1.075940172949848,0.0,137.0,0.9783947430474916,0.0,21.0,32.0,137.0,2.0,2.0,0.0025798222651565,0.0,0.0,,0.0,0.0,,9.0,164.77900976086997,63.90742842392621,2.5784015070645308,1.7107504201373156,1,10,1653.0,N,O,1.6,1.55,3.1500000000000004,1.7107504201373156,3.1500000000000004,0.5430953714721636,True,,False,0.0,,,,,,,,,,,,,False,0.0,,,,,,,,,,,,,False,0.0,,,,,,,,,,,,0.0335790335790335,,,,decoys_final_00031.sdf,EX4M,HOLO,pH7_0,ledock,stage1,ledock_stage1,True
/home/michael/atlas/code/protein_automation/post_docked/full_fast_consenuss/EX4M/HOLO/pH7_0/ledock_stage1/decoys_final_00032.sdf,/home/michael/atlas/code/protein_automation/post_docked/full_fast_consenuss/EX4M/HOLO/pH7_0/ledock_stage1/decoys_final_00032_dock001.pdb,0,True,True,True,True,True,True,True,True,True,True,True,True,True,True,False,True,True,True,True,True,True,True,False,True,True,True,22.0,0.9519726105486822,1.0522845066906492,0.0,0.0,35.0,1.0498470409818468,0.0,153.0,0.9774678963757074,0.0,22.0,35.0,153.0,2.0,2.0,0.0021055973687476,0.0,0.0,,0.0,0.0,,11.0,169.7074515462324,91.8512103533848,1.8476343522671768,1.9981966870155663,1,6,2084.0,C,N,1.7,1.6,3.3,1.9981966870155663,3.3,0.6055141475804746,True,,False,0.0,,,,,,,,,,,,,False,0.0,,,,,,,,,,,,,False,0.0,,,,,,,,,,,,0.0441003528028224,,,,decoys_final_00032.sdf,EX4M,HOLO,pH7_0,ledock,stage1,ledock_stage1,True
/home/michael/atlas/code/protein_automation/post_docked/full_fast_consenuss/EX4M/HOLO/pH7_0/ledock_stage1/decoys_final_00033.sdf,/home/michael/atlas/code/protein_automation/post_docked/full_fast_consenuss/EX4M/HOLO/pH7_0/ledock_stage1/decoys_final_00033_dock001.pdb,0,True,True,True,True,True,True,True,True,True,True,True,True,True,True,True,True,True,True,True,True,True,True,False,True,True,True,20.0,0.951698017621732,1.2065299633588422,0.0,0.0,28.0,1.105160805833353,0.0,123.0,0.8547905124092982,0.0,20.0,28.0,123.0,2.0,2.0,0.0030806203176215,0.0,0.0,,0.0,0.0,,8.0,254.9308996098335,37.80979216423171,6.742457046643056,2.706094787696841,0,8,1333.0,O,O,1.55,1.55,3.1,2.706094787696841,3.1,0.8729338024828519,False,,False,0.0,,,,,,,,,,,,,False,0.0,,,,,,,,,,,,,False,0.0,,,,,,,,,,,,0.0101841820151679,,,,decoys_final_00033.sdf,EX4M,HOLO,pH7_0,ledock,stage1,ledock_stage1,False
/home/michael/atlas/code/protein_automation/post_docked/full_fast_consenuss/EX4M/HOLO/pH7_0/ledock_stage1/decoys_final_00034.sdf,/home/michael/atlas/code/protein_automation/post_docked/full_fast_consenuss/EX4M/HOLO/pH7_0/ledock_stage1/decoys_final_00034_dock001.pdb,0,True,True,True,True,True,True,True,True,True,True,True,True,True,True,True,True,True,True,True,True,True,True,False,True,True,True,20.0,0.9517234986503996,1.2072358934133196,0.0,0.0,28.0,1.105356366818112,0.0,123.0,0.9707236329953493,0.0,20.0,28.0,123.0,2.0,2.0,0.0018432286541628,0.0,0.0,,0.0,0.0,,8.0,112.28078984296704,30.375863044717736,3.6963818831311297,2.8089352075119067,0,21,1653.0,B,O,1.8,1.55,3.35,2.983173645633119,3.35,0.8904995957113787,False,,False,0.0,,,,,,,,,,,,,False,0.0,,,,,,,,,,,,,False,0.0,,,,,,,,,,,,0.0160729800173761,,,,decoys_final_00034.sdf,EX4M,HOLO,pH7_0,ledock,stage1,ledock_stage1,False
/home/michael/atlas/code/protein_automation/post_docked/full_fast_consenuss/EX4M/HOLO/pH7_0/ledock_stage1/decoys_final_00035.sdf,/home/michael/atlas/code/protein_automation/post_docked/full_fast_consenuss/EX4M/HOLO/pH7_0/ledock_stage1/decoys_final_00035_dock001.pdb,0,True,True,True,True,True,True,True,True,True,True,True,True,True,True,True,True,True,True,True,True,True,True,False,True,True,True,22.0,0.9519329834709228,1.020395429435901,0.0,0.0,34.0,1.062525444267122,0.0,154.0,0.9893596686801448,0.0,22.0,34.0,154.0,1.0,1.0,0.0024601221417977,0.0,0.0,,0.0,0.0,,12.0,141.58941033906183,59.42118406012585,2.382810315523052,2.580975397015633,0,21,1333.0,N,O,1.6,1.55,3.1500000000000004,2.580975397015633,3.1500000000000004,0.8193572688938516,False,,False,0.0,,,,,,,,,,,,,False,0.0,,,,,,,,,,,,,False,0.0,,,,,,,,,,,,0.021659253529298,,,,decoys_final_00035.sdf,EX4M,HOLO,pH7_0,ledock,stage1,ledock_stage1,False
/home/michael/atlas/code/protein_automation/post_docked/full_fast_consenuss/EX4M/HOLO/pH7_0/ledock_stage1/decoys_final_00036.sdf,/home/michael/atlas/code/protein_automation/post_docked/full_fast_consenuss/EX4M/HOLO/pH7_0/ledock_stage1/decoys_final_00036_dock001.pdb,0,True,True,True,True,True,True,True,True,True,True,True,True,True,True,False,True,True,True,True,True,True,True,False,True,True,True,25.0,0.9572359314259412,1.0232207509231095,0.0,0.0,38.0,1.0596654415794222,0.0,190.0,1.0009012831994708,0.0,25.0,38.0,190.0,1.0,1.0,0.0003535421980426,0.0,0.0,,0.0,0.0,,10.0,199.20286459332652,75.55904900033887,2.6363866039715926,2.115214646318432,1,3,1643.0,C,O,1.7,1.55,3.25,2.1152146463184316,3.25,0.6508352757902867,True,,False,0.0,,,,,,,,,,,,,False,0.0,,,,,,,,,,,,,False,0.0,,,,,,,,,,,,0.0318710161229846,,,,decoys_final_00036.sdf,EX4M,HOLO,pH7_0,ledock,stage1,ledock_stage1,True
/home/michael/atlas/code/protein_automation/post_docked/full_fast_consenuss/EX4M/HOLO/pH7_0/ledock_stage1/decoys_final_00037.sdf,/home/michael/atlas/code/protein_automation/post_docked/full_fast_consenuss/EX4M/HOLO/pH7_0/ledock_stage1/decoys_final_00037_dock001.pdb,0,True,True,True,True,True,True,True,True,True,True,True,True,True,True,False,True,True,True,True,True,True,True,False,True,True,True,26.0,0.9541762035088976,1.1603663901660193,0.0,0.0,36.0,1.0792472934667623,0.0,214.0,0.982790356829397,0.0,26.0,36.0,214.0,3.0,3.0,0.0020241865836398,0.0,0.0,,0.0,0.0,,12.0,165.36065137424234,100.52787255066382,1.6449234145575322,2.236101294664444,1,10,2133.0,C,O,1.7,1.55,3.25,2.236101294664444,3.25,0.6880311675890597,True,,False,0.0,,,,,,,,,,,,,False,0.0,,,,,,,,,,,,,False,0.0,,,,,,,,,,,,0.0289100377087448,,,,decoys_final_00037.sdf,EX4M,HOLO,pH7_0,ledock,stage1,ledock_stage1,True
/home/michael/atlas/code/protein_automation/post_docked/full_fast_consenuss/EX4M/HOLO/pH7_0/ledock_stage1/decoys_final_00038.sdf,/home/michael/atlas/code/protein_automation/post_docked/full_fast_consenuss/EX4M/HOLO/pH7_0/ledock_stage1/decoys_final_00038_dock001.pdb,0,True,True,True,True,True,True,True,True,True,True,True,True,True,True,False,True,True,True,True,True,True,True,False,True,True,True,22.0,0.9580074778985916,1.029660057633811,0.0,0.0,33.0,1.0533178056249168,0.0,155.0,1.002474090969266,0.0,22.0,33.0,155.0,1.0,1.0,0.0003448548209407,0.0,0.0,,0.0,0.0,,9.0,97.41271830063216,34.94655648424136,2.787476881865571,1.7961416981964409,2,13,2145.0,O,O,1.55,1.55,3.1,1.7961416981964407,3.1,0.5794005478053034,True,,False,0.0,,,,,,,,,,,,,False,0.0,,,,,,,,,,,,,False,0.0,,,,,,,,,,,,0.040378176088241,,,,decoys_final_00038.sdf,EX4M,HOLO,pH7_0,ledock,stage1,ledock_stage1,True
/home/michael/atlas/code/protein_automation/post_docked/full_fast_consenuss/EX4M/HOLO/pH7_0/ledock_stage1/decoys_final_00039.sdf,/home/michael/atlas/code/protein_automation/post_docked/full_fast_consenuss/EX4M/HOLO/pH7_0/ledock_stage1/decoys_final_00039_dock001.pdb,0,True,True,True,True,True,True,True,True,True,True,True,True,True,True,True,True,True,True,True,True,True,True,False,True,True,True,26.0,0.957888875737094,1.0649771939098267,0.0,0.0,40.0,1.0599908132419171,0.0,210.0,1.0151920006223414,0.0,26.0,40.0,210.0,1.0,1.0,0.0003603926760311,0.0,0.0,,0.0,0.0,,10.0,166.9306881594386,77.29627888129477,2.1596212725297805,2.6371046623143437,0,12,2133.0,O,O,1.55,1.55,3.1,2.6371046623143433,3.1,0.8506789233272075,False,,False,0.0,,,,,,,,,,,,,False,0.0,,,,,,,,,,,,,False,0.0,,,,,,,,,,,,0.0215879985364068,,,,decoys_final_00039.sdf,EX4M,HOLO,pH7_0,ledock,stage1,ledock_stage1,False
/home/michael/atlas/code/protein_automation/post_docked/full_fast_consenuss/EX4M/HOLO/pH7_0/ledock_stage1/decoys_final_00040.sdf,/home/michael/atlas/code/protein_automation/post_docked/full_fast_consenuss/EX4M/HOLO/pH7_0/ledock_stage1/decoys_final_00040_dock001.pdb,0,True,True,True,True,True,True,True,True,True,True,False,True,True,True,True,True,True,True,True,True,True,True,False,True,True,True,23.0,0.9364859159377888,1.064889873563552,0.0,0.0,33.0,1.049333604545334,0.0,175.0,0.9716471906220656,0.0,23.0,33.0,175.0,1.0,1.0,0.0018442664367261,1.0,0.0,0.0022382597211525,0.0,0.0,,9.0,140.8384924394691,33.24354450224539,4.236566664242327,2.5899909266250347,0,9,2133.0,N,O,1.6,1.55,3.1500000000000004,2.5899909266250347,3.1500000000000004,0.8222193417857252,False,,False,0.0,,,,,,,,,,,,,False,0.0,,,,,,,,,,,,,False,0.0,,,,,,,,,,,,0.0215154349859681,,,,decoys_final_00040.sdf,EX4M,HOLO,pH7_0,ledock,stage1,ledock_stage1,False
/home/michael/atlas/code/protein_automation/post_docked/full_fast_consenuss/EX4M/HOLO/pH7_0/ledock_stage1/decoys_final_00041.sdf,/home/michael/atlas/code/protein_automation/post_docked/full_fast_consenuss/EX4M/HOLO/pH7_0/ledock_stage1/decoys_final_00041_dock001.pdb,0,True,True,True,True,True,True,True,True,True,True,True,True,True,True,True,True,True,True,True,True,True,True,False,True,True,True,21.0,0.9519704877113374,1.207048101988854,0.0,0.0,31.0,1.103621663596699,0.0,138.0,0.9722507840386554,0.0,21.0,31.0,138.0,2.0,2.0,0.0025765474493883,0.0,0.0,,0.0,0.0,,12.0,205.6126666399646,75.80320201504763,2.7124535794562954,2.5228196526902087,0,2,2188.0,O,O,1.55,1.55,3.1,2.5228196526902087,3.1,0.8138127911903899,False,,False,0.0,,,,,,,,,,,,,False,0.0,,,,,,,,,,,,,False,0.0,,,,,,,,,,,,0.0233776702942361,,,,decoys_final_00041.sdf,EX4M,HOLO,pH7_0,ledock,stage1,ledock_stage1,False
/home/michael/atlas/code/protein_automation/post_docked/full_fast_consenuss/EX4M/HOLO/pH7_0/ledock_stage1/decoys_final_00042.sdf,/home/michael/atlas/code/protein_automation/post_docked/full_fast_consenuss/EX4M/HOLO/pH7_0/ledock_stage1/decoys_final_00042_dock001.pdb,0,True,True,True,True,True,True,True,True,True,True,False,True,True,True,True,True,True,True,True,True,True,True,False,True,True,True,23.0,0.9372338403722064,1.1836166370761083,0.0,0.0,32.0,1.098304478192592,0.0,176.0,0.7367176171940035,0.0,23.0,32.0,176.0,0.0,0.0,,1.0,0.0,0.002541492808561,1.0,1.0,0.0018438389753673,15.0,144.47839921064917,44.84818876735218,3.2214990879592467,2.588585327934932,0,16,1643.0,C,O,1.7,1.55,3.25,2.588585327934932,3.25,0.7964877932107483,False,,False,0.0,,,,,,,,,,,,,False,0.0,,,,,,,,,,,,,False,0.0,,,,,,,,,,,,0.0283244436270001,,,,decoys_final_00042.sdf,EX4M,HOLO,pH7_0,ledock,stage1,ledock_stage1,False
/home/michael/atlas/code/protein_automation/post_docked/full_fast_consenuss/EX4M/HOLO/pH7_0/ledock_stage1/decoys_final_00043.sdf,/home/michael/atlas/code/protein_automation/post_docked/full_fast_consenuss/EX4M/HOLO/pH7_0/ledock_stage1/decoys_final_00043_dock001.pdb,0,True,True,True,True,True,True,True,True,True,True,True,True,True,True,True,True,True,True,True,True,True,True,False,True,True,True,23.0,0.9459844324363756,1.029024646453783,0.0,0.0,35.0,1.0598579084317723,0.0,173.0,0.927578774771224,0.0,23.0,35.0,173.0,1.0,1.0,0.0003717869178777,0.0,0.0,,0.0,0.0,,9.0,945.2937976732006,38.92915297572317,24.28241370323933,2.427416115955402,0,24,1333.0,O,O,1.55,1.55,3.1,2.427416115955402,3.1,0.7830374567598072,False,,False,0.0,,,,,,,,,,,,,False,0.0,,,,,,,,,,,,,False,0.0,,,,,,,,,,,,0.0222265548839929,,,,decoys_final_00043.sdf,EX4M,HOLO,pH7_0,ledock,stage1,ledock_stage1,False
/home/michael/atlas/code/protein_automation/post_docked/full_fast_consenuss/EX4M/HOLO/pH7_0/ledock_stage1/decoys_final_00044.sdf,/home/michael/atlas/code/protein_automation/post_docked/full_fast_consenuss/EX4M/HOLO/pH7_0/ledock_stage1/decoys_final_00044_dock001.pdb,0,True,True,True,True,True,True,True,True,True,True,True,True,True,True,True,True,True,True,True,True,True,True,False,True,True,True,28.0,0.9521773241781808,1.011253669763376,0.0,0.0,41.0,1.0590992054976467,0.0,256.0,0.9841737877535978,0.0,28.0,41.0,256.0,2.0,2.0,0.0057393794059333,0.0,0.0,,0.0,0.0,,12.0,131.07636818810678,50.90260710118904,2.5750423338345074,2.762859931303076,0,15,1333.0,N,O,1.6,1.55,3.1500000000000004,2.7851086154762403,3.1500000000000004,0.8841614652305524,False,,False,0.0,,,,,,,,,,,,,False,0.0,,,,,,,,,,,,,False,0.0,,,,,,,,,,,,0.015202138322753,,,,decoys_final_00044.sdf,EX4M,HOLO,pH7_0,ledock,stage1,ledock_stage1,False
/home/michael/atlas/code/protein_automation/post_docked/full_fast_consenuss/EX4M/HOLO/pH7_0/ledock_stage1/decoys_final_00045.sdf,/home/michael/atlas/code/protein_automation/post_docked/full_fast_consenuss/EX4M/HOLO/pH7_0/ledock_stage1/decoys_final_00045_dock001.pdb,0,True,True,True,True,True,True,True,True,True,True,True,True,True,True,True,True,True,True,True,True,True,True,False,True,True,True,29.0,0.9750490334587476,1.0609008424083666,0.0,0.0,43.0,1.0626054492842054,0.0,279.0,0.9866588673911366,0.0,29.0,43.0,279.0,2.0,2.0,0.1783800042213055,5.0,5.0,0.256302396859079,0.0,0.0,,11.0,148.4574922318651,56.264912656381874,2.6385447914674094,2.641826830055285,0,14,1387.0,O,C,1.55,1.7,3.25,2.7501827212023557,3.25,0.8462100680622633,False,,False,0.0,,,,,,,,,,,,,False,0.0,,,,,,,,,,,,,False,0.0,,,,,,,,,,,,0.0235294117647058,,,,decoys_final_00045.sdf,EX4M,HOLO,pH7_0,ledock,stage1,ledock_stage1,False
/home/michael/atlas/code/protein_automation/post_docked/full_fast_consenuss/EX4M/HOLO/pH7_0/ledock_stage1/decoys_final_00046.sdf,/home/michael/atlas/code/protein_automation/post_docked/full_fast_consenuss/EX4M/HOLO/pH7_0/ledock_stage1/decoys_final_00046_dock001.pdb,0,True,True,True,True,True,True,True,True,True,True,True,True,True,True,True,True,True,True,True,True,True,True,False,True,True,True,29.0,0.9767902969323768,1.0234625199526115,0.0,0.0,42.0,1.0629342669611317,0.0,280.0,0.9357684239450476,0.0,29.0,42.0,280.0,1.0,1.0,0.0031057903428525,10.0,10.0,0.2436378928938629,0.0,0.0,,22.0,183.434114949872,71.20506572865199,2.576138552401624,2.62258441236884,0,14,1822.0,C,N,1.7,1.6,3.3,2.6998148084637124,3.3,0.8181256995344584,False,,False,0.0,,,,,,,,,,,,,False,0.0,,,,,,,,,,,,,False,0.0,,,,,,,,,,,,0.0208926875593542,,,,decoys_final_00046.sdf,EX4M,HOLO,pH7_0,ledock,stage1,ledock_stage1,False
/home/michael/atlas/code/protein_automation/post_docked/full_fast_consenuss/EX4M/HOLO/pH7_0/ledock_stage1/decoys_final_00047.sdf,/home/michael/atlas/code/protein_automation/post_docked/full_fast_consenuss/EX4M/HOLO/pH7_0/ledock_stage1/decoys_final_00047_dock001.pdb,0,True,True,True,True,True,True,True,True,True,True,True,True,True,True,False,True,True,True,True,True,True,True,False,True,True,True,40.0,0.97665454201794,1.16023526582246,0.0,0.0,60.0,1.0732982811141225,0.0,530.0,0.9357380152729587,0.0,40.0,60.0,530.0,3.0,3.0,0.0107401968166223,5.0,5.0,0.2439568130002277,0.0,0.0,,21.0,361.220577589652,124.36612322294772,2.904493347775276,1.5146451729695631,7,8,1333.0,C,O,1.7,1.55,3.25,1.5146451729695631,3.25,0.46604466860601945,True,,False,0.0,,,,,,,,,,,,,False,0.0,,,,,,,,,,,,,False,0.0,,,,,,,,,,,,0.0541432412613053,,,,decoys_final_00047.sdf,EX4M,HOLO,pH7_0,ledock,stage1,ledock_stage1,True
/home/michael/atlas/code/protein_automation/post_docked/full_fast_consenuss/EX4M/HOLO/pH7_0/ledock_stage1/decoys_final_00048.sdf,/home/michael/atlas/code/protein_automation/post_docked/full_fast_consenuss/EX4M/HOLO/pH7_0/ledock_stage1/decoys_final_00048_dock001.pdb,0,True,True,True,True,True,True,True,True,True,True,True,True,True,True,True,True,True,True,True,True,True,True,False,True,True,True,28.0,0.9765075898868552,1.0531819532422766,0.0,0.0,41.0,1.062815113746043,0.0,256.0,0.9685371236397456,0.0,28.0,41.0,256.0,2.0,2.0,0.0032647229592086,5.0,5.0,0.2563567314999329,0.0,0.0,,13.0,125.82388594133424,58.59871733606684,2.1472122882780416,2.7023756215596686,0,22,1333.0,O,O,1.55,1.55,3.1,2.7023756215596686,3.1,0.8717340714708608,False,,False,0.0,,,,,,,,,,,,,False,0.0,,,,,,,,,,,,,False,0.0,,,,,,,,,,,,0.016465795280937,,,,decoys_final_00048.sdf,EX4M,HOLO,pH7_0,ledock,stage1,ledock_stage1,False
/home/michael/atlas/code/protein_automation/post_docked/full_fast_consenuss/EX4M/HOLO/pH7_0/ledock_stage1/decoys_final_00049.sdf,/home/michael/atlas/code/protein_automation/post_docked/full_fast_consenuss/EX4M/HOLO/pH7_0/ledock_stage1/decoys_final_00049_dock001.pdb,0,True,True,True,True,True,True,True,True,True,True,True,True,True,True,False,True,True,True,False,True,True,True,False,True,True,True,25.0,0.9577181515173812,1.0426309886600704,0.0,0.0,38.0,1.0601651042659863,0.0,190.0,1.0161711917544,0.0,25.0,38.0,190.0,1.0,1.0,0.0003840491696445,0.0,0.0,,0.0,0.0,,10.0,152.22617636672072,75.05095378719116,2.0283043543771853,0.9662359960175356,4,10,2133.0,S,O,1.8,1.55,3.35,0.9662359960175356,3.35,0.2884286555276226,True,,False,0.0,,,,,,,,,,,,,False,0.0,,,,,,,,,,,,,False,0.0,,,,,,,,,,,,0.0782275711159737,,,,decoys_final_00049.sdf,EX4M,HOLO,pH7_0,ledock,stage1,ledock_stage1,True
/home/michael/atlas/code/protein_automation/post_docked/full_fast_consenuss/EX4M/HOLO/pH7_0/ledock_stage1/decoys_final_00050.sdf,/home/michael/atlas/code/protein_automation/post_docked/full_fast_consenuss/EX4M/HOLO/pH7_0/ledock_stage1/decoys_final_00050_dock001.pdb,0,True,True,True,True,True,True,True,True,True,True,True,True,True,True,False,True,True,True,False,True,True,True,False,True,True,True,26.0,0.9548121220339416,1.0600392113155477,0.0,0.0,37.0,1.0308858547837814,0.0,213.0,0.991348127776568,0.0,26.0,37.0,213.0,3.0,3.0,0.0028361958983448,0.0,0.0,,0.0,0.0,,11.0,129.40796205595427,75.3375123912413,1.7177095174567931,1.1147259752961711,5,23,1653.0,S,O,1.8,1.55,3.35,1.1147259752961713,3.35,0.33275402247646907,True,,False,0.0,,,,,,,,,,,,,False,0.0,,,,,,,,,,,,,False,0.0,,,,,,,,,,,,0.0902992776057791,,,,decoys_final_00050.sdf,EX4M,HOLO,pH7_0,ledock,stage1,ledock_stage1,True
