gene,pdb_id,resolution,method,nonpolymer_comp_ids,nontrivial_comp_ids,rank_score,rank_reason,forced_included,valid_entry
EGFR,5UG9,1.330,X-RAY DIFFRACTION,8AM;SO4;GOL;EDO,8AM,76.360,"{""assembly_count"": 1, ""co_crystallized_ligand"": true, ""ligand_component"": 17.0, ""method"": ""X-RAY DIFFRACTION"", ""method_component"": 40.0, ""nonprotein_penalty"": 0.0, ""nonprotein_polymer_count"": 0, ""nontrivial_ligand_count"": 1, ""polymer_entity_count"": 1, ""resolution"": 1.33, ""resolution_component"": 19.36, ""score"": 76.36, ""size_penalty"": 0.0}",false,true
ABL1,7PVS,1.050,X-RAY DIFFRACTION,PGE;NA;SO4;PEG;P6G,P6G,77.100,"{""assembly_count"": 2, ""co_crystallized_ligand"": true, ""ligand_component"": 17.0, ""method"": ""X-RAY DIFFRACTION"", ""method_component"": 40.0, ""nonprotein_penalty"": 0.0, ""nonprotein_polymer_count"": 0, ""nontrivial_ligand_count"": 1, ""polymer_entity_count"": 1, ""resolution"": 1.05, ""resolution_component"": 21.6, ""score"": 77.1, ""size_penalty"": 1.5}",false,true
SRC,1O43,1.500,X-RAY DIFFRACTION,821,821,75.000,"{""assembly_count"": 1, ""co_crystallized_ligand"": true, ""ligand_component"": 17.0, ""method"": ""X-RAY DIFFRACTION"", ""method_component"": 40.0, ""nonprotein_penalty"": 0.0, ""nonprotein_polymer_count"": 0, ""nontrivial_ligand_count"": 1, ""polymer_entity_count"": 1, ""resolution"": 1.5, ""resolution_component"": 18.0, ""score"": 75.0, ""size_penalty"": 0.0}",false,true
MAPK1,8AOJ,1.120,X-RAY DIFFRACTION,SO4;EDO;DMS;N8L,N8L,78.040,"{""assembly_count"": 1, ""co_crystallized_ligand"": true, ""ligand_component"": 17.0, ""method"": ""X-RAY DIFFRACTION"", ""method_component"": 40.0, ""nonprotein_penalty"": 0.0, ""nonprotein_polymer_count"": 0, ""nontrivial_ligand_count"": 1, ""polymer_entity_count"": 1, ""resolution"": 1.12, ""resolution_component"": 21.04, ""score"": 78.04, ""size_penalty"": 0.0}",false,true
MAPK14,3LFF,1.500,X-RAY DIFFRACTION,BOG;Z83,BOG;Z83,77.000,"{""assembly_count"": 1, ""co_crystallized_ligand"": true, ""ligand_component"": 19.0, ""method"": ""X-RAY DIFFRACTION"", ""method_component"": 40.0, ""nonprotein_penalty"": 0.0, ""nonprotein_polymer_count"": 0, ""nontrivial_ligand_count"": 2, ""polymer_entity_count"": 1, ""resolution"": 1.5, ""resolution_component"": 18.0, ""score"": 77.0, ""size_penalty"": 0.0}",false,true
CDK2,4EK4,1.260,X-RAY DIFFRACTION,1CK;NA,1CK,76.920,"{""assembly_count"": 1, ""co_crystallized_ligand"": true, ""ligand_component"": 17.0, ""method"": ""X-RAY DIFFRACTION"", ""method_component"": 40.0, ""nonprotein_penalty"": 0.0, ""nonprotein_polymer_count"": 0, ""nontrivial_ligand_count"": 1, ""polymer_entity_count"": 1, ""resolution"": 1.26, ""resolution_component"": 19.92, ""score"": 76.92, ""size_penalty"": 0.0}",false,true
JAK2,8BXH,1.300,X-RAY DIFFRACTION,C87;MLI,C87;MLI,78.600,"{""assembly_count"": 1, ""co_crystallized_ligand"": true, ""ligand_component"": 19.0, ""method"": ""X-RAY DIFFRACTION"", ""method_component"": 40.0, ""nonprotein_penalty"": 0.0, ""nonprotein_polymer_count"": 0, ""nontrivial_ligand_count"": 2, ""polymer_entity_count"": 1, ""resolution"": 1.3, ""resolution_component"": 19.6, ""score"": 78.6, ""size_penalty"": 0.0}",false,true
PTGS2,5F19,2.040,X-RAY DIFFRACTION,COH;NAG;AKR;EDO;BOG,COH;NAG;AKR;BOG,76.680,"{""assembly_count"": 1, ""co_crystallized_ligand"": true, ""ligand_component"": 23.0, ""method"": ""X-RAY DIFFRACTION"", ""method_component"": 40.0, ""nonprotein_penalty"": 0.0, ""nonprotein_polymer_count"": 0, ""nontrivial_ligand_count"": 4, ""polymer_entity_count"": 1, ""resolution"": 2.04, ""resolution_component"": 13.68, ""score"": 76.68, ""size_penalty"": 0.0}",false,true
HTR2A,7WC8,2.450,X-RAY DIFFRACTION,MG;CLR;1PE;OLC;92S;PEG,CLR;1PE;OLC;92S,73.400,"{""assembly_count"": 1, ""co_crystallized_ligand"": true, ""ligand_component"": 23.0, ""method"": ""X-RAY DIFFRACTION"", ""method_component"": 40.0, ""nonprotein_penalty"": 0.0, ""nonprotein_polymer_count"": 0, ""nontrivial_ligand_count"": 4, ""polymer_entity_count"": 1, ""resolution"": 2.45, ""resolution_component"": 10.4, ""score"": 73.4, ""size_penalty"": 0.0}",false,true
HTR2B,4IB4,2.700,X-RAY DIFFRACTION,ERM;PLM;CLR;OLC;OLB;OLA;PEG,ERM;PLM;CLR;OLC;OLB;OLA,71.400,"{""assembly_count"": 1, ""co_crystallized_ligand"": true, ""ligand_component"": 23.0, ""method"": ""X-RAY DIFFRACTION"", ""method_component"": 40.0, ""nonprotein_penalty"": 0.0, ""nonprotein_polymer_count"": 0, ""nontrivial_ligand_count"": 6, ""polymer_entity_count"": 1, ""resolution"": 2.7, ""resolution_component"": 8.4, ""score"": 71.4, ""size_penalty"": 0.0}",false,true
HTR2B,5TVN,2.900,X-RAY DIFFRACTION,7LD;CLR;OLC;PEG;PO4,7LD;CLR;OLC,67.800,"{""assembly_count"": 1, ""co_crystallized_ligand"": true, ""forced"": true, ""ligand_component"": 21.0, ""method"": ""X-RAY DIFFRACTION"", ""method_component"": 40.0, ""nonprotein_penalty"": 0.0, ""nonprotein_polymer_count"": 0, ""nontrivial_ligand_count"": 3, ""polymer_entity_count"": 1, ""resolution"": 2.9, ""resolution_component"": 6.8, ""score"": 67.8, ""size_penalty"": 0.0}",true,true
HTR2B,7SRS,3.300,ELECTRON MICROSCOPY,NAG;7LD,NAG;7LD,45.600,"{""assembly_count"": 1, ""co_crystallized_ligand"": true, ""forced"": true, ""ligand_component"": 19.0, ""method"": ""ELECTRON MICROSCOPY"", ""method_component"": 25.0, ""nonprotein_penalty"": 0.0, ""nonprotein_polymer_count"": 0, ""nontrivial_ligand_count"": 2, ""polymer_entity_count"": 6, ""resolution"": 3.3, ""resolution_component"": 3.6, ""score"": 45.6, ""size_penalty"": 2.0}",true,true
DRD2,6CM4,2.867,X-RAY DIFFRACTION,8NU;PEG;OLA,8NU;OLA,66.064,"{""assembly_count"": 1, ""co_crystallized_ligand"": true, ""ligand_component"": 19.0, ""method"": ""X-RAY DIFFRACTION"", ""method_component"": 40.0, ""nonprotein_penalty"": 0.0, ""nonprotein_polymer_count"": 0, ""nontrivial_ligand_count"": 2, ""polymer_entity_count"": 1, ""resolution"": 2.867, ""resolution_component"": 7.064, ""score"": 66.064, ""size_penalty"": 0.0}",false,true
ADRB2,6PS2,2.400,X-RAY DIFFRACTION,JTZ;CLR;OLB;OLC;SO4;OLA,JTZ;CLR;OLB;OLC;OLA,73.800,"{""assembly_count"": 1, ""co_crystallized_ligand"": true, ""ligand_component"": 23.0, ""method"": ""X-RAY DIFFRACTION"", ""method_component"": 40.0, ""nonprotein_penalty"": 0.0, ""nonprotein_polymer_count"": 0, ""nontrivial_ligand_count"": 5, ""polymer_entity_count"": 1, ""resolution"": 2.4, ""resolution_component"": 10.8, ""score"": 73.8, ""size_penalty"": 0.0}",false,true
ACE,6H5W,1.370,X-RAY DIFFRACTION,ZN;CL;FT8;IMD;BO3;P6G;EDO,FT8;IMD;BO3;P6G,82.040,"{""assembly_count"": 1, ""co_crystallized_ligand"": true, ""ligand_component"": 23.0, ""method"": ""X-RAY DIFFRACTION"", ""method_component"": 40.0, ""nonprotein_penalty"": 0.0, ""nonprotein_polymer_count"": 0, ""nontrivial_ligand_count"": 4, ""polymer_entity_count"": 1, ""resolution"": 1.37, ""resolution_component"": 19.04, ""score"": 82.04, ""size_penalty"": 0.0}",false,true
HMGCR,2R4F,1.700,X-RAY DIFFRACTION,SO4;RIE,RIE,73.400,"{""assembly_count"": 1, ""co_crystallized_ligand"": true, ""ligand_component"": 17.0, ""method"": ""X-RAY DIFFRACTION"", ""method_component"": 40.0, ""nonprotein_penalty"": 0.0, ""nonprotein_polymer_count"": 0, ""nontrivial_ligand_count"": 1, ""polymer_entity_count"": 1, ""resolution"": 1.7, ""resolution_component"": 16.4, ""score"": 73.4, ""size_penalty"": 0.0}",false,true
ESR1,5KCT,1.600,X-RAY DIFFRACTION,OB7;OB6,OB7;OB6,76.200,"{""assembly_count"": 1, ""co_crystallized_ligand"": true, ""ligand_component"": 19.0, ""method"": ""X-RAY DIFFRACTION"", ""method_component"": 40.0, ""nonprotein_penalty"": 0.0, ""nonprotein_polymer_count"": 0, ""nontrivial_ligand_count"": 2, ""polymer_entity_count"": 2, ""resolution"": 1.6, ""resolution_component"": 17.2, ""score"": 76.2, ""size_penalty"": 0.0}",false,true
PGR,1SR7,1.460,X-RAY DIFFRACTION,MOF;SO4;GOL,MOF,75.320,"{""assembly_count"": 1, ""co_crystallized_ligand"": true, ""ligand_component"": 17.0, ""method"": ""X-RAY DIFFRACTION"", ""method_component"": 40.0, ""nonprotein_penalty"": 0.0, ""nonprotein_polymer_count"": 0, ""nontrivial_ligand_count"": 1, ""polymer_entity_count"": 1, ""resolution"": 1.46, ""resolution_component"": 18.32, ""score"": 75.32, ""size_penalty"": 0.0}",false,true
AR,7ZTZ,1.400,X-RAY DIFFRACTION,DHT;IMD;SO4,DHT;IMD,77.800,"{""assembly_count"": 1, ""co_crystallized_ligand"": true, ""ligand_component"": 19.0, ""method"": ""X-RAY DIFFRACTION"", ""method_component"": 40.0, ""nonprotein_penalty"": 0.0, ""nonprotein_polymer_count"": 0, ""nontrivial_ligand_count"": 2, ""polymer_entity_count"": 1, ""resolution"": 1.4, ""resolution_component"": 18.8, ""score"": 77.8, ""size_penalty"": 0.0}",false,true
PPARG,6MS7,1.430,X-RAY DIFFRACTION,V77,V77,75.560,"{""assembly_count"": 1, ""co_crystallized_ligand"": true, ""ligand_component"": 17.0, ""method"": ""X-RAY DIFFRACTION"", ""method_component"": 40.0, ""nonprotein_penalty"": 0.0, ""nonprotein_polymer_count"": 0, ""nontrivial_ligand_count"": 1, ""polymer_entity_count"": 2, ""resolution"": 1.43, ""resolution_component"": 18.56, ""score"": 75.56, ""size_penalty"": 0.0}",false,true
AKT1,4GV1,1.490,X-RAY DIFFRACTION,0XZ;GOL,0XZ,75.080,"{""assembly_count"": 1, ""co_crystallized_ligand"": true, ""ligand_component"": 17.0, ""method"": ""X-RAY DIFFRACTION"", ""method_component"": 40.0, ""nonprotein_penalty"": 0.0, ""nonprotein_polymer_count"": 0, ""nontrivial_ligand_count"": 1, ""polymer_entity_count"": 1, ""resolution"": 1.49, ""resolution_component"": 18.08, ""score"": 75.08, ""size_penalty"": 0.0}",false,true
BRAF,8C7Y,1.650,X-RAY DIFFRACTION,EDO;NO3;TXV,NO3;TXV,75.800,"{""assembly_count"": 1, ""co_crystallized_ligand"": true, ""ligand_component"": 19.0, ""method"": ""X-RAY DIFFRACTION"", ""method_component"": 40.0, ""nonprotein_penalty"": 0.0, ""nonprotein_polymer_count"": 0, ""nontrivial_ligand_count"": 2, ""polymer_entity_count"": 1, ""resolution"": 1.65, ""resolution_component"": 16.8, ""score"": 75.8, ""size_penalty"": 0.0}",false,true
KRAS,5F2E,1.400,X-RAY DIFFRACTION,MG;GOL;5UT;GLY;GDP,5UT;GLY;GDP,79.800,"{""assembly_count"": 1, ""co_crystallized_ligand"": true, ""ligand_component"": 21.0, ""method"": ""X-RAY DIFFRACTION"", ""method_component"": 40.0, ""nonprotein_penalty"": 0.0, ""nonprotein_polymer_count"": 0, ""nontrivial_ligand_count"": 3, ""polymer_entity_count"": 1, ""resolution"": 1.4, ""resolution_component"": 18.8, ""score"": 79.8, ""size_penalty"": 0.0}",false,true
PIK3CA,9CMK,1.750,X-RAY DIFFRACTION,A1ATF;MG;MRD;MPD,A1ATF,71.500,"{""assembly_count"": 2, ""co_crystallized_ligand"": true, ""ligand_component"": 17.0, ""method"": ""X-RAY DIFFRACTION"", ""method_component"": 40.0, ""nonprotein_penalty"": 0.0, ""nonprotein_polymer_count"": 0, ""nontrivial_ligand_count"": 1, ""polymer_entity_count"": 1, ""resolution"": 1.75, ""resolution_component"": 16.0, ""score"": 71.5, ""size_penalty"": 1.5}",false,true
MET,9T6K,1.133,X-RAY DIFFRACTION,A1JT6;15P;PEG,A1JT6;15P,79.936,"{""assembly_count"": 1, ""co_crystallized_ligand"": true, ""ligand_component"": 19.0, ""method"": ""X-RAY DIFFRACTION"", ""method_component"": 40.0, ""nonprotein_penalty"": 0.0, ""nonprotein_polymer_count"": 0, ""nontrivial_ligand_count"": 2, ""polymer_entity_count"": 1, ""resolution"": 1.133, ""resolution_component"": 20.936, ""score"": 79.936, ""size_penalty"": 0.0}",false,true
ALK,4Z55,1.550,X-RAY DIFFRACTION,GOL;4LO,4LO,74.600,"{""assembly_count"": 1, ""co_crystallized_ligand"": true, ""ligand_component"": 17.0, ""method"": ""X-RAY DIFFRACTION"", ""method_component"": 40.0, ""nonprotein_penalty"": 0.0, ""nonprotein_polymer_count"": 0, ""nontrivial_ligand_count"": 1, ""polymer_entity_count"": 1, ""resolution"": 1.55, ""resolution_component"": 17.6, ""score"": 74.6, ""size_penalty"": 0.0}",false,true
FGFR1,5EW8,1.630,X-RAY DIFFRACTION,SO4;5SF,5SF,72.460,"{""assembly_count"": 2, ""co_crystallized_ligand"": true, ""ligand_component"": 17.0, ""method"": ""X-RAY DIFFRACTION"", ""method_component"": 40.0, ""nonprotein_penalty"": 0.0, ""nonprotein_polymer_count"": 0, ""nontrivial_ligand_count"": 1, ""polymer_entity_count"": 1, ""resolution"": 1.63, ""resolution_component"": 16.96, ""score"": 72.46, ""size_penalty"": 1.5}",false,true
MTOR,4DRI,1.450,X-RAY DIFFRACTION,RAP,RAP,75.400,"{""assembly_count"": 1, ""co_crystallized_ligand"": true, ""ligand_component"": 17.0, ""method"": ""X-RAY DIFFRACTION"", ""method_component"": 40.0, ""nonprotein_penalty"": 0.0, ""nonprotein_polymer_count"": 0, ""nontrivial_ligand_count"": 1, ""polymer_entity_count"": 2, ""resolution"": 1.45, ""resolution_component"": 18.4, ""score"": 75.4, ""size_penalty"": 0.0}",false,true
PARP1,6NRH,1.500,X-RAY DIFFRACTION,KYP;SO4;DMS,KYP,75.000,"{""assembly_count"": 1, ""co_crystallized_ligand"": true, ""ligand_component"": 17.0, ""method"": ""X-RAY DIFFRACTION"", ""method_component"": 40.0, ""nonprotein_penalty"": 0.0, ""nonprotein_polymer_count"": 0, ""nontrivial_ligand_count"": 1, ""polymer_entity_count"": 1, ""resolution"": 1.5, ""resolution_component"": 18.0, ""score"": 75.0, ""size_penalty"": 0.0}",false,true
KDR,3VO3,1.520,X-RAY DIFFRACTION,0KF;EDO,0KF,74.840,"{""assembly_count"": 1, ""co_crystallized_ligand"": true, ""ligand_component"": 17.0, ""method"": ""X-RAY DIFFRACTION"", ""method_component"": 40.0, ""nonprotein_penalty"": 0.0, ""nonprotein_polymer_count"": 0, ""nontrivial_ligand_count"": 1, ""polymer_entity_count"": 1, ""resolution"": 1.52, ""resolution_component"": 17.84, ""score"": 74.84, ""size_penalty"": 0.0}",false,true
JAK1,6N7A,1.330,X-RAY DIFFRACTION,GOL;KEV,KEV,74.860,"{""assembly_count"": 2, ""co_crystallized_ligand"": true, ""ligand_component"": 17.0, ""method"": ""X-RAY DIFFRACTION"", ""method_component"": 40.0, ""nonprotein_penalty"": 0.0, ""nonprotein_polymer_count"": 0, ""nontrivial_ligand_count"": 1, ""polymer_entity_count"": 1, ""resolution"": 1.33, ""resolution_component"": 19.36, ""score"": 74.86, ""size_penalty"": 1.5}",false,true
BTK,7N5O,1.250,X-RAY DIFFRACTION,IMD;PGO;0BQ;EDO,IMD;PGO;0BQ,81.000,"{""assembly_count"": 1, ""co_crystallized_ligand"": true, ""ligand_component"": 21.0, ""method"": ""X-RAY DIFFRACTION"", ""method_component"": 40.0, ""nonprotein_penalty"": 0.0, ""nonprotein_polymer_count"": 0, ""nontrivial_ligand_count"": 3, ""polymer_entity_count"": 1, ""resolution"": 1.25, ""resolution_component"": 20.0, ""score"": 81.0, ""size_penalty"": 0.0}",false,true
