assay group ID,preferred assay ID,assay name,EntrezGeneID,EntrezGeneSymbol,HumanEntrezGeneSymbol(representative),Protein/Target/Name,Protein/Target/ProteinClass
31149,31149,ABCB11 inhibition,8647,ABCB11,ABCB11,Bile salt export pump,Enzyme
"31589, 41631",41631,ACHE inhibition,43,ACHE,ACHE,Acetylcholinesterase,Enzyme
3127,3127,ADORA1 Binding,134,ADORA1,ADORA1,Adenosine receptor A1,GPCR
41607,41607,ADORA1 Binding (agonist),134,ADORA1,ADORA1,Adenosine receptor A1,GPCR
3177,3177,ADORA2A Binding,135,ADORA2A,ADORA2A,Adenosine receptor A2a,GPCR
3128,3128,ADORA3 Binding,140,ADORA3,ADORA3,Adenosine receptor A3,GPCR
41516,41516,ADORA3 Binding (agonist),140,ADORA3,ADORA3,Adenosine receptor A3,GPCR
5468,5468,ADRA1A agonist (NIBR assay),148,ADRA1A,ADRA1A,Alpha-1A adrenergic receptor,GPCR
41699,41699,ADRA1A agonist (CRO assay),148,ADRA1A,ADRA1A,Alpha-1A adrenergic receptor,GPCR
"5427, 5494, 41701",41701,ADRA1A antagonist,148,ADRA1A,ADRA1A,Alpha-1A adrenergic receptor,GPCR
"3134, 18942",3134,ADRA1A Binding (NIBR assay),148,ADRA1A,ADRA1A,Alpha-1A adrenergic receptor,GPCR
60953,60953,ADRA1A Binding (CRO assay),148,ADRA1A,ADRA1A,Alpha-1A adrenergic receptor,GPCR
5435,5435,ADRA2A agonist,150,ADRA2A,ADRA2A,Alpha-2A adrenergic receptor,GPCR
5434,5434,ADRA2A antagonist,150,ADRA2A,ADRA2A,Alpha-2A adrenergic receptor,GPCR
"3184, 14955, 15257, 41517, 42788",41517,ADRA2A Binding,150,ADRA2A,ADRA2A,Alpha-2A adrenergic receptor,GPCR
3159,3159,ADRA2B Binding,151,ADRA2B,ADRA2B,Alpha-2B adrenergic receptor,GPCR
"3163, 16324, 17275",3163,ADRA2C inhibition,152,ADRA2C,ADRA2C,Alpha-2C adrenergic receptor,GPCR
5496,5496,ADRB1 agonist,153,ADRB1,ADRB1,Beta-1 adrenergic receptor,GPCR
3086,3086,ADRB1 inhibition,153,ADRB1,ADRB1,Beta-1 adrenergic receptor,GPCR
5528,5528,ADRB2 agonist,154,ADRB2,ADRB2,Beta-2 adrenergic receptor,GPCR
3087,3087,ADRB2 Binding,154,ADRB2,ADRB2,Beta-2 adrenergic receptor,GPCR
3178,3178,ADRB3 Binding,155,ADRB3,ADRB3,Beta-3 adrenergic receptor,GPCR
"3221, 15247, 16463",3221,AGTR1 Binding,185,AGTR1,AGTR1,Type-1 angiotensin II receptor,GPCR
"16592, 16735, 17775, 17970",17775,AGTR2 inhibition,186,AGTR2,AGTR2,Type-2 angiotensin II receptor,GPCR
5472,5472,Ar (rat) agonist,24208,Ar,AR,Androgen receptor,Nuclear Hormone Receptor
5471,5471,Ar (rat) antagonist,24208,Ar,AR,Androgen receptor,Nuclear Hormone Receptor
3263,3263,Ar (rat) Binding,24208,Ar,AR,Androgen receptor,Nuclear Hormone Receptor
41629,41629,AR Binding (agonist),367,AR,AR,Androgen receptor,Nuclear Hormone Receptor
3191,3191,AVPR1A Binding,552,AVPR1A,AVPR1A,Vasopressin V1a receptor,GPCR
3192,3192,AVPR2 Binding,554,AVPR2,AVPR2,Vasopressin V2 receptor,GPCR
3256,3256,BDKRB1 Binding,623,BDKRB1,BDKRB1,B1 bradykinin receptor,GPCR
3204,3204,BDKRB2 Binding,624,BDKRB2,BDKRB2,B2 bradykinin receptor,GPCR
3156,3156,Cacna1b (rat) inhibition,257648,Cacna1b,CACNA1B,Voltage-dependent N-type calcium channel subunit alpha-1B,Ion Channel
3084,3084,Cacna1c (rat) inhibition,24239,Cacna1c,CACNA1C,Voltage-dependent L-type calcium channel subunit alpha-1C,Ion Channel
3188,3188,CACNA1C inhibition,775,CACNA1C,CACNA1C,Voltage-dependent L-type calcium channel subunit alpha-1C,Ion Channel
3222,3222,CCKAR Binding,886,CCKAR,CCKAR,Cholecystokinin receptor type A,GPCR
3205,3205,CCKBR Binding,887,CCKBR,CCKBR,Gastrin/cholecystokinin type B receptor,GPCR
41702,41702,CHRM1 agonist (CRO assay),1128,CHRM1,CHRM1,Muscarinic acetylcholine receptor M1,GPCR
42860,42860,CHRM1 agonist (NIBR assay),1128,CHRM1,CHRM1,Muscarinic acetylcholine receptor M1,GPCR
"41704, 42863",41704,CHRM1 antagonist,1128,CHRM1,CHRM1,Muscarinic acetylcholine receptor M1,GPCR
60955,60955,CHRM1 Binding,1128,CHRM1,CHRM1,Muscarinic acetylcholine receptor M1,GPCR
3130,3130,CHRM1 inhibition,1128,CHRM1,CHRM1,Muscarinic acetylcholine receptor M1,GPCR
5364,5364,CHRM2 agonist,1129,CHRM2,CHRM2,Muscarinic acetylcholine receptor M2,GPCR
5363,5363,CHRM2 antagonist,1129,CHRM2,CHRM2,Muscarinic acetylcholine receptor M2,GPCR
"3483, 41521, 42787",41521,CHRM2 Binding,1129,CHRM2,CHRM2,Muscarinic acetylcholine receptor M2,GPCR
3131,3131,CHRM3 Binding,1131,CHRM3,CHRM3,Muscarinic acetylcholine receptor M3,GPCR
3160,3160,CHRM4 Binding,1132,CHRM4,CHRM4,Muscarinic acetylcholine receptor M4,GPCR
3132,3132,CHRM5 Binding,1133,CHRM5,CHRM5,Muscarinic acetylcholine receptor M5,GPCR
3090,3090,CHRNA4 Binding,1137,CHRNA4,CHRNA4,Neuronal acetylcholine receptor subunit alpha-4,Ion Channel
5470,5470,CNR1 agonist,1268,CNR1,CNR1,Cannabinoid receptor 1,GPCR
5469,5469,CNR1 antagonist,1268,CNR1,CNR1,Cannabinoid receptor 1,GPCR
3235,3235,CNR1 Binding,1268,CNR1,CNR1,Cannabinoid receptor 1,GPCR
15916,15916,CNR1 inhibition,1268,CNR1,CNR1,Cannabinoid receptor 1,GPCR
3257,3257,CRHR1 Binding,1394,CRHR1,CRHR1,Corticotropin-releasing factor receptor 1,GPCR
3258,3258,CRHR2 Binding,1395,CRHR2,CRHR2,Corticotropin-releasing factor receptor 2,GPCR
32307,32307,DRD1 agonist,1812,DRD1,DRD1,D(1A) dopamine receptor,GPCR
32309,32309,DRD1 antagonist,1812,DRD1,DRD1,D(1A) dopamine receptor,GPCR
"13034, 41518, 42789",41518,DRD1 Binding (NIBR assay),1812,DRD1,DRD1,D(1A) dopamine receptor,GPCR
60954,60954,DRD1 Binding (CRO assay),1812,DRD1,DRD1,D(1A) dopamine receptor,GPCR
3157,3157,DRD2 Binding,1813,DRD2,DRD2,D(2) dopamine receptor,GPCR
"3295, 41519",41519,DRD3 Binding,1814,DRD3,DRD3,D(3) dopamine receptor,GPCR
3119,3119,DRD4 Binding,1815,DRD4,DRD4,D(4) dopamine receptor,GPCR
3120,3120,DRD5 Binding,1816,DRD5,DRD5,D(1B) dopamine receptor,GPCR
3223,3223,EDNRA Binding,1909,EDNRA,EDNRA,Endothelin-1 receptor,GPCR
3224,3224,EDNRB Binding,1910,EDNRB,EDNRB,Endothelin B receptor,GPCR
32018,32018,EGFR inhibition,1956,EGFR,EGFR,Epidermal growth factor receptor,Kinase
32017,32017,ERBB2 inhibition,2064,ERBB2,ERBB2,Receptor tyrosine-protein kinase erbB-2,Kinase
13333,13333,ESR1 agonist,2099,ESR1,ESR1,Estrogen receptor,Nuclear Hormone Receptor
13332,13332,ESR1 antagonist,2099,ESR1,ESR1,Estrogen receptor,Nuclear Hormone Receptor
3199,3199,ESR1 Binding (NIBR assay),2099,ESR1,ESR1,Estrogen receptor,Nuclear Hormone Receptor
31453,31453,ESR1 Binding (CRO assay),2099,ESR1,ESR1,Estrogen receptor,Nuclear Hormone Receptor
3217,3217,ESR2 Binding,2100,ESR2,ESR2,Estrogen receptor beta,Nuclear Hormone Receptor
3662,3662,F2 inhibition,2147,F2,F2,Prothrombin,Protease
3133,3133,GABBR1 (GABA B) Binding,2550,GABBR1,GABBR1,"Gamma-aminobutyric acid type B receptor subunit 1, Gamma-aminobutyric acid type B receptor subunit 2",GPCR
5551,5551,GABRA1 agonist,"2554, 2555, 2561, 2566",GABRA1,GABRA1,"Gamma-aminobutyric acid receptor subunit alpha-2, Gamma-aminobutyric acid receptor subunit beta-2, Gamma-aminobutyric acid receptor subunit gamma-2",Ion Channel
5552,5552,GABRA1 (GABA A) antagonist,"2554, 2555, 2561, 2566",GABRA1,GABRA1,"Gamma-aminobutyric acid receptor subunit alpha-2, Gamma-aminobutyric acid receptor subunit beta-2, Gamma-aminobutyric acid receptor subunit gamma-2",Ion Channel
3121,3121,"Gabra1 (GABA A, rat) Binding",29705,Gabra1,GABRA1,Gamma-aminobutyric acid receptor subunit alpha-1,Ion Channel
41628,41628,GABRA1 (GABA A) Binding (agonist),"2554, 2555, 2561, 2566",GABRA1,GABRA1,Gamma-aminobutyric acid receptor subunit alpha-1,Ion Channel
41675,41675,Gabra1 (rat) Binding (agonist),29705,Gabra1,GABRA1,Gamma-aminobutyric acid receptor subunit alpha-1,Ion Channel
3125,3125,Gabra1 (rat) inhibition,29705,Gabra1,GABRA1,Gamma-aminobutyric acid receptor subunit alpha-1,Ion Channel
3206,3206,GCGR Binding (agonist),2642,GCGR,GCGR,Glucagon receptor,GPCR
3207,3207,GHSR Binding,2693,GHSR,GHSR,Growth hormone secretagogue receptor type 1,GPCR
3190,3190,GIPR Binding,2696,GIPR,GIPR,Gastric inhibitory polypeptide receptor,GPCR
3085,3085,Grin1 (rat) Binding,24408,Grin1,GRIN1,"Glutamate receptor ionotropic, NMDA 1",Ion Channel
3180,3180,HCAR2 Binding,338442,HCAR2,HCAR2,Hydroxycarboxylic acid receptor 2,GPCR
15226,15226,HRH1 agonist,3269,HRH1,HRH1,Histamine H1 receptor,GPCR
17008,17008,HRH1 antagonist,3269,HRH1,HRH1,Histamine H1 receptor,GPCR
49102,49102,HRH1 Binding,3269,HRH1,HRH1,Histamine H1 receptor,GPCR
3202,3202,HRH2 agonist,3274,HRH2,HRH2,Histamine H2 receptor,GPCR
13013,13013,HRH2 Binding,3274,HRH2,HRH2,Histamine H2 receptor,GPCR
"41520, 49103",41520,HRH3 Binding (agonist),11255,HRH3,HRH3,Histamine H3 receptor,GPCR
5426,5426,HTR1A agonist,3350,HTR1A,HTR1A,5-hydroxytryptamine receptor 1A,GPCR
5425,5425,HTR1A antagonist,3350,HTR1A,HTR1A,5-hydroxytryptamine receptor 1A,GPCR
"3197, 41523, 42786",41523,HTR1A Binding (agonist),3350,HTR1A,HTR1A,5-hydroxytryptamine receptor 1A,GPCR
5450,5450,HTR2A agonist,3356,HTR2A,HTR2A,5-hydroxytryptamine receptor 2A,GPCR
5449,5449,HTR2A antagonist,3356,HTR2A,HTR2A,5-hydroxytryptamine receptor 2A,GPCR
3215,3215,HTR2A Binding,3356,HTR2A,HTR2A,5-hydroxytryptamine receptor 2A,GPCR
5452,5452,HTR2B agonist (NIBR assay),3357,HTR2B,HTR2B,5-hydroxytryptamine receptor 2B,GPCR
41524,41524,HTR2B agonist (CRO assay),3357,HTR2B,HTR2B,5-hydroxytryptamine receptor 2B,GPCR
5451,5451,HTR2B antagonist,3357,HTR2B,HTR2B,5-hydroxytryptamine receptor 2B,GPCR
"3196, 42784",3196,HTR2B Binding,3357,HTR2B,HTR2B,5-hydroxytryptamine receptor 2B,GPCR
3126,3126,HTR2C Binding,3358,HTR2C,HTR2C,5-hydroxytryptamine receptor 2C,GPCR
3175,3175,HTR3A inhibition,3359,HTR3A,HTR3A,5-hydroxytryptamine receptor 3A,Ion Channel
3195,3195,HTR5A Binding,3361,HTR5A,HTR5A,5-hydroxytryptamine receptor 5A,GPCR
3082,3082,HTR6 Binding,3362,HTR6,HTR6,5-hydroxytryptamine receptor 6,GPCR
3083,3083,HTR7 Binding,3363,HTR7,HTR7,5-hydroxytryptamine receptor 7,GPCR
3081,3081,KCNH2 (dofelitide binding) inhibition,3757,KCNH2,KCNH2,Potassium voltage-gated channel subfamily H member 2,Ion Channel
"32016, 41637",41637,KDR inhibition,3791,KDR,KDR,Vascular endothelial growth factor receptor 2,Kinase
"3189, 41634",41634,MAOA inhibition,4128,MAOA,MAOA,Amine oxidase [flavin-containing] A,Enzyme
"3259, 16800, 18311",3259,MC3R Binding,4159,MC3R,MC3R,Melanocortin receptor 3,GPCR
3260,3260,MC4R Binding,4160,MC4R,MC4R,Melanocortin receptor 4,GPCR
3275,3275,MLNR Binding,2862,MLNR,MLNR,Motilin receptor,GPCR
3262,3262,NPY1R Binding,4886,NPY1R,NPY1R,Neuropeptide Y receptor type 1,GPCR
3278,3278,NPY2R Binding,4887,NPY2R,NPY2R,Neuropeptide Y receptor type 2,GPCR
41577,41577,NR1H2 agonist,7376,NR1H2,NR1H2,Oxysterols receptor LXR-beta,Nuclear Hormone Receptor
41578,41578,NR1H2 antagonist,7376,NR1H2,NR1H2,Oxysterols receptor LXR-beta,Nuclear Hormone Receptor
41574,41574,NR1H3 agonist,10062,NR1H3,NR1H3,Oxysterols receptor LXR-alpha,Nuclear Hormone Receptor
41575,41575,NR1H3 antagonist,10062,NR1H3,NR1H3,Oxysterols receptor LXR-alpha,Nuclear Hormone Receptor
41540,41540,NR1H4 agonist (TR-FRET assay),9971,NR1H4,NR1H4,Bile acid receptor,Nuclear Hormone Receptor
60740,60740,NR1H4 agonist (luminescence assay),9971,NR1H4,NR1H4,Bile acid receptor,Nuclear Hormone Receptor
41541,41541,NR1H4 antagonist (TR-FRET assay),9971,NR1H4,NR1H4,Bile acid receptor,Nuclear Hormone Receptor
60741,60741,NR1H4 antagonist (luminescence assay),9971,NR1H4,NR1H4,Bile acid receptor,Nuclear Hormone Receptor
5439,5439,NR1I2 agonist,8856,NR1I2,NR1I2,Nuclear receptor subfamily 1 group I member 2,Nuclear Hormone Receptor
5438,5438,NR1I2 antagonist,8856,NR1I2,NR1I2,Nuclear receptor subfamily 1 group I member 2,Nuclear Hormone Receptor
3264,3264,NR1I2 Binding,8856,NR1I2,NR1I2,Nuclear receptor subfamily 1 group I member 2,Nuclear Hormone Receptor
31964,31964,NR1I3 antagonist,9970,NR1I3,NR1I3,Nuclear receptor subfamily 1 group I member 3,Nuclear Hormone Receptor
13316,13316,NR3C1 agonist,2908,NR3C1,NR3C1,Glucocorticoid receptor,Nuclear Hormone Receptor
13315,13315,NR3C1 antagonist,2908,NR3C1,NR3C1,Glucocorticoid receptor,Nuclear Hormone Receptor
3218,3218,NR3C1 Binding,2908,NR3C1,NR3C1,Glucocorticoid receptor,Nuclear Hormone Receptor
3276,3276,NTSR1 Binding,4923,NTSR1,NTSR1,Neurotensin receptor type 1,GPCR
3181,3181,OPRD1 Binding,4985,OPRD1,OPRD1,Delta-type opioid receptor,GPCR
3124,3124,OPRK1 Binding,4986,OPRK1,OPRK1,Kappa-type opioid receptor,GPCR
3162,3162,OPRM1 agonist,4988,OPRM1,OPRM1,Mu-type opioid receptor,GPCR
"3185, 41522",41522,OPRM1 Binding (agonist),4988,OPRM1,OPRM1,Mu-type opioid receptor,GPCR
"3277, 41635",41635,PDE3A inhibition,5139,PDE3A,PDE3A,"cGMP-inhibited 3',5'-cyclic phosphodiesterase A",Enzyme
41636,41636,PDE4A inhibition,5141,PDE4A,PDE4A,"cAMP-specific 3',5'-cyclic phosphodiesterase 4A",Enzyme
3261,3261,PDE4D inhibition,5144,PDE4D,PDE4D,"cAMP-specific 3',5'-cyclic phosphodiesterase 4D",Enzyme
13173,13173,PDE6A inhibition,5145,PDE6A,PDE6A,"Rod cGMP-specific 3',5'-cyclic phosphodiesterase subunit alpha",Enzyme
5437,5437,PGR agonist,5241,PGR,PGR,Progesterone receptor,Nuclear Hormone Receptor
5436,5436,PGR antagonist,5241,PGR,PGR,Progesterone receptor,Nuclear Hormone Receptor
3279,3279,PGR Binding,5241,PGR,PGR,Progesterone receptor,Nuclear Hormone Receptor
41630,41630,PGR Binding (agonist),5241,PGR,PGR,Progesterone receptor,Nuclear Hormone Receptor
41572,41572,PPARA agonist,5465,PPARA,PPARA,Peroxisome proliferator-activated receptor alpha,Nuclear Hormone Receptor
41571,41571,PPARA antagonist,5465,PPARA,PPARA,Peroxisome proliferator-activated receptor alpha,Nuclear Hormone Receptor
10943,10943,PPARG agonist,5468,PPARG,PPARG,Peroxisome proliferator-activated receptor gamma,Nuclear Hormone Receptor
10942,10942,PPARG antagonist,5468,PPARG,PPARG,Peroxisome proliferator-activated receptor gamma,Nuclear Hormone Receptor
"3216, 4076",4076,Ptgs1 (rat) inhibition,24693,Ptgs1,PTGS1,Prostaglandin G/H synthase 1,Enzyme
41632,41632,PTGS1 inhibition,5742,PTGS1,PTGS1,Prostaglandin G/H synthase 1,Enzyme
3198,3198,PTGS2 inhibition (NIBR assay),5743,PTGS2,PTGS2,Prostaglandin G/H synthase 2,Enzyme
41633,41633,PTGS2 inhibition (CRO assay),5743,PTGS2,PTGS2,Prostaglandin G/H synthase 2,Enzyme
42759,42759,RARA agonist,5914,RARA,RARA,Retinoic acid receptor alpha,Nuclear Hormone Receptor
42761,42761,RARA antagonist,5914,RARA,RARA,Retinoic acid receptor alpha,Nuclear Hormone Receptor
42762,42762,RARB agonist,5915,RARB,RARB,Retinoic acid receptor beta,Nuclear Hormone Receptor
42764,42764,RARB antagonist,5915,RARB,RARB,Retinoic acid receptor beta,Nuclear Hormone Receptor
42765,42765,RARG agonist,5916,RARG,RARG,Retinoic acid receptor gamma,Nuclear Hormone Receptor
42767,42767,RARG antagonist,5916,RARG,RARG,Retinoic acid receptor gamma,Nuclear Hormone Receptor
3187,3187,SCN5A inhibition,6331,SCN5A,SCN5A,Sodium channel protein type 5 subunit alpha,Ion Channel
37286,37286,Slc18a2 (rat) inhibition,25549,Slc18a2,SLC18A2,Synaptic vesicular amine transporter,Transporter
3158,3158,SLC29A1 Binding,2030,SLC29A1,SLC29A1,Equilibrative nucleoside transporter 1,Transporter
"3161, 41626",41626,SLC6A2 Binding,6530,SLC6A2,SLC6A2,Sodium-dependent noradrenaline transporter,Transporter
"3088, 41625",41625,SLC6A3 Binding,6531,SLC6A3,SLC6A3,Sodium-dependent dopamine transporter,Transporter
"3176, 31504, 41627",41627,SLC6A4 Binding,6532,SLC6A4,SLC6A4,Sodium-dependent serotonin transporter,Transporter
3122,3122,TACR1 Binding,6869,TACR1,TACR1,Substance-P receptor,GPCR
3123,3123,TACR2 Binding,6865,TACR2,TACR2,Substance-K receptor,GPCR
37926,37926,TBXA2R agonist (NIBR assay),6915,TBXA2R,TBXA2R,Thromboxane A2 receptor,GPCR
41745,41745,TBXA2R agonist (CRO assay),6915,TBXA2R,TBXA2R,Thromboxane A2 receptor,GPCR
"37928, 41747",41747,TBXA2R antagonist,6915,TBXA2R,TBXA2R,Thromboxane A2 receptor,GPCR
3182,3182,TBXA2R Binding,6915,TBXA2R,TBXA2R,Thromboxane A2 receptor,GPCR
