gene,pdb_id,mode,method,install_status,nontrivial_comp_ids
ACHE,1B41,apo_fallback,X-RAY DIFFRACTION,apo_downloaded,
ADORA1,5UEN,holo_strict,X-RAY DIFFRACTION,holo_downloaded,DU1;OLA
ADORA3,9EHS,holo_strict,ELECTRON MICROSCOPY,failed_404,A1BII
ADRA1A,8THK,holo_strict,ELECTRON MICROSCOPY,holo_downloaded,CGZ
ADRA2A,9CBL,holo_strict,ELECTRON MICROSCOPY,holo_downloaded,ALE
ADRA2B,6K41,holo_strict,ELECTRON MICROSCOPY,holo_downloaded,CZX
ADRB1,7BTS,holo_strict,X-RAY DIFFRACTION,holo_downloaded,ALE;EPE;CLR;1WV
ADRB2,9I52,holo_strict,ELECTRON MICROSCOPY,failed_404,A1IZU
ADRB3,9IJD,holo_strict,ELECTRON MICROSCOPY,holo_downloaded,CAU
AGTR1,6DO1,holo_strict,X-RAY DIFFRACTION,holo_downloaded,OLC
AGTR2,5UNF,holo_strict,X-RAY DIFFRACTION,holo_downloaded,8ES
AR,1XOW,holo_strict,X-RAY DIFFRACTION,holo_downloaded,R18
AVPR1A,9UWI,holo_strict,ELECTRON MICROSCOPY,failed_404,CLR
AVPR2,4JQI,holo_strict,X-RAY DIFFRACTION,holo_downloaded,PRO
BDKRB1,7EIB,apo_fallback,ELECTRON MICROSCOPY,apo_downloaded,
BDKRB2,7F2O,apo_fallback,ELECTRON MICROSCOPY,apo_downloaded,
CACNA1B,7MIX,holo_strict,ELECTRON MICROSCOPY,holo_downloaded,Y01;CLR;3PE;PT5
CACNA1C,2F3Y,apo_fallback,X-RAY DIFFRACTION,apo_downloaded,
CCKAR,7F8U,holo_strict,X-RAY DIFFRACTION,holo_downloaded,1OE
CCKBR,1L4T,apo_fallback,SOLUTION NMR,apo_downloaded,
CHRM1,6ZFZ,holo_strict,X-RAY DIFFRACTION,holo_downloaded,QJT;OLA;OLC;EPE
CHRM2,5YC8,holo_strict,X-RAY DIFFRACTION,holo_downloaded,3C0;HG
CHRM3,8E9W,holo_strict,ELECTRON MICROSCOPY,holo_downloaded,WEC
CHRM4,9N09,holo_strict,ELECTRON MICROSCOPY,holo_downloaded,5XI
CHRM5,6OL9,holo_strict,X-RAY DIFFRACTION,holo_downloaded,OLA;0HK;P33;OLC
CHRNA4,2LLY,apo_fallback,SOLUTION NMR,apo_downloaded,
CNR1,5TGZ,holo_strict,X-RAY DIFFRACTION,holo_downloaded,ZDG;FMN;OLC;OLA
CRHR1,2L27,apo_fallback,SOLUTION NMR,apo_downloaded,
CRHR2,6PB1,holo_strict,ELECTRON MICROSCOPY,holo_downloaded,CLR;PLM
DRD1,9LLG,holo_strict,ELECTRON MICROSCOPY,failed_404,CLR;A1EKL;PLM
DRD2,6CM4,holo_strict,X-RAY DIFFRACTION,holo_downloaded,8NU;OLA
DRD3,7CMU,holo_strict,ELECTRON MICROSCOPY,holo_downloaded,G6L
DRD4,5WIU,holo_strict,X-RAY DIFFRACTION,holo_downloaded,AQD;OLA
DRD5,8IRV,holo_strict,ELECTRON MICROSCOPY,holo_downloaded,R5F;CLR;PLM
EDNRA,8HCQ,apo_fallback,ELECTRON MICROSCOPY,apo_downloaded,
EDNRB,5GLI,holo_strict,X-RAY DIFFRACTION,holo_downloaded,OLC;OLA
EGFR,1MOX,holo_strict,X-RAY DIFFRACTION,holo_downloaded,PT;CD
ERBB2,3PP0,holo_strict,X-RAY DIFFRACTION,holo_downloaded,03Q
ESR1,7NDO,holo_strict,X-RAY DIFFRACTION,holo_downloaded,RAL
ESR2,1U3Q,holo_strict,X-RAY DIFFRACTION,holo_downloaded,272
F2,1T4U,holo_strict,X-RAY DIFFRACTION,holo_downloaded,81A
GABBR1,4MQE,apo_fallback,X-RAY DIFFRACTION,apo_downloaded,
GABRA1,6HUJ,holo_strict,ELECTRON MICROSCOPY,holo_downloaded,PIO;RI5;ABU
GCGR,4ERS,apo_fallback,X-RAY DIFFRACTION,apo_downloaded,
GHSR,7F83,holo_strict,X-RAY DIFFRACTION,holo_downloaded,OLC;1KQ
GIPR,2QKH,holo_strict,X-RAY DIFFRACTION,holo_downloaded,TAR
GRIN1,5H8F,holo_strict,X-RAY DIFFRACTION,holo_downloaded,GLU
HCAR2,7ZL9,holo_strict,X-RAY DIFFRACTION,holo_downloaded,OLA;OLC;UNX
HRH1,9LRB,holo_strict,ELECTRON MICROSCOPY,holo_downloaded,HSM
HRH2,8YN3,holo_strict,ELECTRON MICROSCOPY,holo_downloaded,HSM;CLR
HRH3,7F61,holo_strict,X-RAY DIFFRACTION,holo_downloaded,1IB;CLR
HTR1A,7E2X,holo_strict,ELECTRON MICROSCOPY,holo_downloaded,J40;CLR;PLM
HTR2A,6A93,holo_strict,X-RAY DIFFRACTION,holo_downloaded,8NU;CLR;1PE;PLM
HTR2B,4IB4,holo_strict,X-RAY DIFFRACTION,holo_downloaded,ERM;PLM;CLR;OLC;OLB;OLA
HTR2C,6BQG,holo_strict,X-RAY DIFFRACTION,holo_downloaded,ERM;OLC
HTR3A,8AXD,apo_fallback,ELECTRON MICROSCOPY,apo_downloaded,
HTR5A,7UM4,holo_strict,X-RAY DIFFRACTION,holo_downloaded,1PE;NN6
HTR6,7YS6,holo_strict,ELECTRON MICROSCOPY,holo_downloaded,SRO
HTR7,7XTC,holo_strict,ELECTRON MICROSCOPY,holo_downloaded,8K3;CLR
KCNH2,1UJL,apo_fallback,SOLUTION NMR,apo_downloaded,
KDR,1YWN,holo_strict,X-RAY DIFFRACTION,holo_downloaded,LIF
MC3R,8KIG,apo_fallback,ELECTRON MICROSCOPY,apo_downloaded,
MC4R,6W25,holo_strict,X-RAY DIFFRACTION,holo_downloaded,OLA
NPY1R,5ZBQ,holo_strict,X-RAY DIFFRACTION,holo_downloaded,9AO
NPY2R,7DDZ,holo_strict,X-RAY DIFFRACTION,holo_downloaded,H46;FMN
NR1H2,3KFC,holo_strict,X-RAY DIFFRACTION,holo_downloaded,61X
NR1H3,3IPQ,holo_strict,X-RAY DIFFRACTION,holo_downloaded,965
NR1H4,1OSH,holo_strict,X-RAY DIFFRACTION,holo_downloaded,FEX
NR1I2,1SKX,holo_strict,X-RAY DIFFRACTION,holo_downloaded,RFP
NR1I3,1XVP,holo_strict,X-RAY DIFFRACTION,holo_downloaded,F15;CID
NR3C1,3BQD,holo_strict,X-RAY DIFFRACTION,holo_downloaded,DAY
NTSR1,7UL2,holo_strict,ELECTRON MICROSCOPY,holo_downloaded,Q6Q
OPRD1,8F7S,holo_strict,ELECTRON MICROSCOPY,holo_downloaded,CLR;PLM
OPRK1,6B73,holo_strict,X-RAY DIFFRACTION,holo_downloaded,CVV;CLR;OLA
OPRM1,9WST,apo_fallback,ELECTRON MICROSCOPY,apo_downloaded,
PDE3A,7KWE,holo_strict,X-RAY DIFFRACTION,holo_downloaded,X5M
PDE4A,2QYK,holo_strict,X-RAY DIFFRACTION,holo_downloaded,NPV
PDE4D,1Q9M,holo_strict,X-RAY DIFFRACTION,holo_downloaded,ROL
PGR,3G8O,holo_strict,X-RAY DIFFRACTION,holo_downloaded,30X
PPARA,2P54,holo_strict,X-RAY DIFFRACTION,holo_downloaded,735
PPARG,1KNU,holo_strict,X-RAY DIFFRACTION,holo_downloaded,YPA
PTGS2,5F19,holo_strict,X-RAY DIFFRACTION,holo_downloaded,COH;AKR;BOG
RARA,3A9E,holo_strict,X-RAY DIFFRACTION,holo_downloaded,754;REA
RARB,4DM6,holo_strict,X-RAY DIFFRACTION,holo_downloaded,TTB
RARG,5M24,holo_strict,X-RAY DIFFRACTION,holo_downloaded,9CR;LMU
SCN5A,4DJC,apo_fallback,X-RAY DIFFRACTION,apo_downloaded,
SLC18A2,8JSW,holo_strict,ELECTRON MICROSCOPY,holo_downloaded,SRO
SLC6A2,8HFE,apo_fallback,ELECTRON MICROSCOPY,apo_downloaded,
SLC6A3,8VBY,holo_strict,ELECTRON MICROSCOPY,failed_404,42L;A1AAF;Y01;D10;LNK;HP6;D12;MYS;OCT
SLC6A4,5I6X,holo_strict,X-RAY DIFFRACTION,holo_downloaded,CLR;LMT;8PR
TACR1,6J20,holo_strict,X-RAY DIFFRACTION,holo_downloaded,GBQ
TACR2,7XWO,apo_fallback,ELECTRON MICROSCOPY,apo_downloaded,
TBXA2R,6IIU,holo_strict,X-RAY DIFFRACTION,holo_downloaded,A8X;CLR;OLC
